FACILITYID,flood_risk_area_m2,flood_risk_percent
10006642,0,0
10000729,438997.41010602884,10.067418317712143
10002616,0,0
10003486,0,0
10003455,452439.22144422063,13.012404214128972
10003460,174748.55746557552,4.726235771660486
10003488,98374.08379187231,2.782416354784291
10003483,0,0
10003472,164429.3091671135,4.566127842377174
10003479,0,0
10003464,37641.89218510575,0.6766678212079256
10003465,0,0
10002617,0,0
10003453,40743.13217564319,1.0491788659226013
10001701,396328.6310849329,10.424930390450186
10003447,0,0
10003461,585864.8905198121,15.94513099242999
10001699,0,0
10001080,871417.8125334594,19.683422648947946
10001082,874298.008492899,20.822898875918042
10001091,0,0
10001090,1344627.7683305056,22.715949143709395
10004024,1786868.9640678251,36.22421343121316
10001574,1601206.621719061,43.343052421880635
10001936,0,0
10004134,145717.56859245402,3.403748544500779
10006305,0,0
10001925,12081.168518350287,0.33163481716762383
10006956,349947.7583575184,10.79404005802356
10006957,0,0
10001590,NA,NA
10000356,1484420.060902829,30.406663347824047
10000187,1062758.577206298,18.06587649038331
10002941,0,0
10000186,621356.7824036933,11.181437787717972
10000205,67333.09897757531,1.2716122138126742
10000257,0,0
10004143,NA,NA
10004146,0,0
10002998,0,0
10001866,978363.7654649412,28.419559133309214
10006614,0,0
10001980,1239943.9248352558,28.940662930577428
10001794,2050435.1371870725,54.2883949716067
10006308,0,0
10003800,0,0
10003014,85582.35308019753,2.4904113874799054
10000258,710483.7717697084,14.67945575655304
10006328,3227401.397391581,83.76461634530162
10000630,521096.7912350768,13.780374030836661
10000409,135225.3919602369,2.6178253280057064
10000525,108477.88491466994,3.024882966728606
10003138,0,0
10004903,825525.6440402992,20.71510846813405
10001068,123545.0748995362,2.2826564101927853
10005599,287195.58221453463,6.25360886890975
10001518,1822604.1934462145,32.449031957429774
10003135,0,0
10003202,NA,NA
10004005,716100.5650031358,13.127718128980574
10003175,0,0
10003144,0,0
10003145,0,0
10003227,302830.36937041266,8.947150079045231
10003124,0,0
10003196,1275611.237423921,26.505936973306465
10003200,NA,NA
10002298,NA,NA
10004018,463798.7587827845,9.063688053682721
10002305,369748.4109698924,10.018371853583735
10003996,NA,NA
10004002,NA,NA
10004004,540558.0859289488,11.123977347035934
10003993,260390.080297289,4.929950963828246
10001512,121576.16002621343,2.2622692094472554
10004003,808285.3477479441,19.449222942800162
10003990,158938.8742065447,3.202010880791045
10002723,192653.2970772942,3.485973682350798
10002281,444821.16013777885,8.685172054335858
10004241,1559975.80908399,45.47286956939588
10006598,116773.63144154183,3.03900641884442
10006600,1680966.2215350298,49.03337127876154
10006601,NA,NA
10003160,0,0
10000754,0,0
10003235,810866.362872775,23.87100315661671
10000763,0,0
10001496,285236.31133926305,6.572535337231132
10004921,1866395.946831968,37.67976669153475
10004923,1059659.8233559367,21.13481023864212
10001504,196579.93821262245,3.789582685737954
10005600,233550.68969991236,6.507132888403763
10003140,0,0
10001065,1019146.9399727463,22.08385927596131
10003141,0,0
10000528,64815.88033122807,1.859424152796931
10003128,0,0
10000745,149802.07419324038,3.13005156378431
10000744,0,0
10004895,478503.8659249614,12.587221519045544
10004920,6460.45186228097,0.1288297953207296
10003131,0,0
10004256,1892860.6367909478,54.364733789768394
10002290,123363.86110825809,2.6306220328877763
10003127,0,0
10006608,101070.80594801939,2.6868519103795685
10003757,93222.57180034478,2.3333979070967064
10003199,69255.90855464363,1.4049627103106876
10003195,1376249.6043078788,28.97515023825838
10003166,88437.18446290765,1.912154139628923
10003188,558769.1857234148,11.503380122510865
10003198,205572.29532262037,3.625422133726581
10003132,0,0
10003122,0,0
10003189,247075.12659254216,4.440829554033812
10006203,0,0
10006519,0,0
10001054,0,0
10001060,677185.4922236938,13.898819471370254
10001075,0,0
10003152,0,0
10003149,NA,NA
10001072,0,0
10001071,873688.767493943,16.25666979723696
10004712,1922622.2690288941,42.589918785752126
10001051,713525.1046266983,11.207185078511223
10006382,172907.96014352003,4.937788284646589
10001059,0,0
10001052,0,0
10006545,449458.4656807117,11.20659710804702
10003204,0,0
10006198,2098792.8458581404,41.492794389217835
10002713,961030.8744822642,24.198711559462343
10003197,0,0
10005554,1222080.2405505732,30.866341386095066
10006616,1550384.8700914844,21.68116238500866
10003146,NA,NA
10000752,0,0
10004928,0,0
10001816,424130.0246809301,9.822689203221028
10001547,NA,NA
10004121,964880.0661925959,26.052504270041492
10001586,1637315.7143531202,31.89271055439583
10001582,0,0
10001578,0,0
10003268,0,0
10003327,0,0
10006658,85759.41411101236,2.4440265961159
10006663,48640.10492970834,1.0749471514292623
10001096,120003.38025862868,2.18873588391412
10001077,NA,NA
10001087,52759.84951330919,1.132375052699674
10001099,45808.59239562861,0.9848659168338433
10005639,361335.0892708693,10.60668545203168
10001100,13968.529477704988,0.270677799836552
10001856,344197.1121993139,10.125504189224518
10001853,427007.3348352648,12.844846336272262
10001852,237738.16277921008,7.168147364643109
10001078,NA,NA
10001863,0,0
10001076,NA,NA
10006541,376645.327725037,11.294153739137327
10001089,0,0
10001862,38795.75640564613,1.1058499522496537
10001861,21205.354031421703,0.6128748789345854
10001093,101494.27734750678,2.9926419638554482
10001871,399270.53271987353,11.97408989362197
10001869,173518.2418958536,5.071891373086824
10004286,166108.80850766736,4.711626434133202
10003073,144186.23699330896,2.608959914050667
10001597,151265.49344597914,4.100557727953812
10001232,183281.4485459629,5.300699807013002
10003316,0,0
10000387,715459.0615890002,18.54330897670571
10005043,86436.34133500294,2.494804231419873
10000360,244065.28729960034,4.951635426743359
10000370,146148.3754991987,3.6576293993234072
10001240,20216.97946947798,0.38020190847060414
10002843,2601061.023102285,58.41386780555106
10002987,1102485.2907600799,29.971036703194535
10002988,1173474.8318472176,30.652550448953182
10003012,207522.26683138043,5.37913890521205
10003002,0,0
10002997,654823.4784235732,17.919409375457015
10003006,0,0
10000261,48755.00451505666,1.1495108543412937
10003004,0,0
10003799,36286.211111599645,0.6901430739077291
10000260,184642.30888687255,5.373053965839816
10006331,1453659.9901707284,36.78068379014554
10002991,0,0
10002995,957881.6590956755,21.564397633565275
10002996,733751.9286320297,14.11560649413789
10003005,0,0
10003000,850865.8766971792,20.490886949388432
10000259,512652.5740329002,10.821459725830945
10003008,0,0
10005319,1426.630910892184,0.03538311797136816
10005272,48631.84665035145,1.0218008259040607
10005267,0,0
10005362,66234.6283586824,1.7977175611067164
10005275,0,0
10000811,0,0
10000840,0,0
10000881,205417.95551432352,4.148327217485081
10000784,172039.43900124717,4.365719455647089
10002322,486891.33751421666,8.07588498169135
10000492,646397.6814286126,16.715200978245715
10004116,483963.48242530064,11.732250218916075
10002176,2948128.2637896733,70.57024888837896
10006596,977306.6662988848,29.591834344999192
10006208,1139990.7022058226,29.053953818920203
10004122,1637011.268597614,37.4455615973974
10006597,1025475.4240616948,30.14876847036318
10000540,1211881.008341622,33.07985099735533
10006389,399236.7468982141,12.114162260160537
10003579,0,0
10001737,207624.23198006154,6.182574321038874
10006505,1705.16649322562,0.04316507193462733
10000155,0,0
10006304,0,0
10001790,1638971.2597953456,22.88095327297777
10001776,488447.7573585552,10.683196806939495
10006507,500832.54847201076,13.067229598568671
10006509,0,0
10002897,916094.6285148535,22.340284992581655
10001301,1448112.1129727813,30.656161024939
10006513,441276.327961708,11.809919994964277
10000917,460878.35412812367,13.11891985905682
10001550,444079.2880279529,12.97102875937209
10000182,1443283.311474205,11.150062664453047
10001544,346990.39570483955,8.92125378884272
10000879,0,0
10004922,894559.2551654057,22.28359808844725
10005830,226627.1904828181,6.935673899509692
10001636,0,0
10001614,0,0
10006354,NA,NA
10006148,1035615.3389706055,21.717032090003986
10002347,0,0
10001761,302089.73078613967,5.891424493977102
10002908,0,0
10001826,213808.18302156846,5.386692271530564
10001023,153081.33642800103,2.9849935957139353
10001759,959708.5249989486,21.009188491169773
10004216,2712879.964606528,69.75753286284804
10004177,NA,NA
10004219,30556.552780408838,0.5706731330943924
10001763,0,0
10001801,804489.0631582185,20.16803805174926
10001552,429952.35798423557,11.635110088333771
10004173,986921.1540127543,19.790072369940635
10004165,131193.04633981554,3.371066852353391
10001788,275558.30075614277,6.643322294123366
10004035,467891.5909196502,11.704338819848575
10001558,NA,NA
10001752,0,0
10000053,0,0
10002359,NA,NA
10003759,0,0
10002364,NA,NA
10006353,NA,NA
10004226,934620.6331430348,20.611796717451064
10004183,427918.6592781466,9.916253329396781
10001569,1141878.5653822862,21.72407851246236
10001570,616210.059832033,14.134252512010889
10001556,0,0
10001553,205582.5988066313,5.967115398941547
10000919,NA,NA
10001747,720450.1954916293,16.139198907820077
10004213,719962.7625639358,16.669138353152775
10001777,196664.63082561703,5.107250015917724
10001548,NA,NA
10001560,NA,NA
10001793,1701825.126454692,35.8024211501452
10004008,0,0
10000386,837311.1870479484,22.30166935561036
10006217,829204.8423716183,13.474391139755545
10001021,2905177.1533879815,71.39500261494396
10003761,486541.16606249905,13.626845665214764
10001559,NA,NA
10004174,767247.7641544917,20.48705970909905
10006201,143218.33540748994,2.7503154161868237
10001546,NA,NA
10000918,411464.56669639645,12.18079294144329
10001745,121128.76936901054,2.6819277914945494
10002600,0,0
10002560,NA,NA
10001543,547664.5759983271,11.268417681364156
10004153,780026.4514440431,21.548466449119417
10004040,NA,NA
10000251,0,0
10002367,5907.238835548198,0.16662824971553028
10006216,74962.50401055292,2.147977228873724
10001567,626955.9886146883,17.724749502014888
10001542,425813.3209215849,8.376294136152856
10002361,732459.1868054669,19.479050599596842
10004740,NA,NA
10004027,86696.00265920362,1.8028751128626508
10001566,116928.20497137378,2.8958620900271987
10001564,0,0
10006584,286269.6550016408,8.23380967399448
10001231,195940.36398070605,5.078914261682156
10000533,604846.1813300606,16.107532258762493
10000519,808761.5551920886,23.894557883062078
10004029,60939.5529939243,1.630797846372642
10004741,NA,NA
10004742,NA,NA
10006310,0,0
10006315,0,0
10006585,575659.6769988163,16.545551817656495
10004204,189573.037022926,3.545764810302452
10004028,124597.96689892256,2.432605849103508
10006348,91230.36002076611,2.436642660448927
10000060,0,0
10000219,591648.3498843783,14.031399579796147
10002885,1409443.5378848538,36.63354834277068
10004017,822582.3701425758,14.148862474603376
10000621,0,0
10000252,645877.4674047389,13.440522538428464
10002817,784275.6058578014,17.86008045557275
10000915,0,0
10002510,461741.27719113464,13.647522840632565
10006547,0,0
10000990,2608.5408272648256,0.06898152323946988
10003592,0,0
10001697,NA,NA
10003047,73981.87885677129,1.6555169084090529
10003591,0,0
10002589,1443899.0644814095,41.12745179309051
10002579,44990.7916375426,0.8968011920134612
10003572,794149.8931469097,22.17257878413383
10003950,970900.2402242429,27.058290149265176
10004573,880980.443121045,17.761470352069324
10002556,439920.4204238976,12.69600791679793
10000417,1470046.06713274,26.364620036163927
10003587,599307.8355301863,13.639712234052348
10000445,2546505.9651435423,67.99156721624679
10000507,1703380.09725372,48.90422812335616
10000405,424972.22037123865,10.740590634235808
10000474,2424601.369754865,63.931243325658095
10006329,1193125.0038620855,32.028391962869826
10006334,735097.8755173112,21.739007056549838
10000980,0,0
10002152,184945.81943028714,4.823697246823204
10000025,1495298.4118536755,31.86945873337584
10002223,715799.946811207,19.247308615330063
10002230,82309.7489652813,2.35530130086734
10004586,656638.5206826709,19.29855641327563
10004598,869391.6864199031,21.237898546215032
10004627,424373.46347627963,12.632256710438682
10000335,108990.9694444837,2.825411868261895
10000426,849889.6792104199,22.368826136400116
10002301,204116.4393366353,5.211316559088633
10000429,NA,NA
10000017,1166465.9944959024,32.59296991749569
10001448,843134.3223079592,23.05746280884011
10000509,0,0
10001437,117498.57920772865,3.5571618406662333
10000737,0,0
10004649,892323.551926646,25.13698141842871
10001443,499005.74838354456,15.32717871832428
10000413,3482133.772938952,94.09922561564173
10006168,3819861.706370259,94.46103995383311
10001713,270697.63234701,3.8229408744923448
10001958,410157.47105026577,11.837263741181888
10001145,0,0
10001725,246773.882171391,5.289346881062111
10004556,637387.3070287503,16.212029424970257
10004585,174383.9588019842,4.286146796784271
10000433,2001265.9122412729,53.5728522539537
10000441,0,0
10001732,23718.009771111298,0.4774010841562669
10006602,0,0
10001729,0,0
10001733,396138.87171179557,8.003191321990125
10003121,327261.54141930497,6.494917960617444
10001133,NA,NA
10002688,657824.9760973487,14.489132391571676
10001176,0,0
10000986,2006581.9438579006,44.86561245571499
10001716,0,0
10003077,0,0
10001204,0,0
10001042,1339886.8894004447,32.74077639430444
10003082,375731.8189739635,8.008660969602053
10001150,171304.09661026674,3.4407591495187693
10000696,0,0
10001722,427628.964249885,12.843193218640197
10001519,9494.35184323311,0.17692185207034156
10002225,0,0
10004239,1129745.8096174235,31.96652891400226
10002629,993055.0149811798,25.065959389519154
10002689,0,0
10003580,161375.81066010025,3.6496029546247115
10003585,133659.42019562353,3.555480740869156
10003584,656108.3441139024,12.904864695182233
10003387,259383.57056686445,7.7908709903504265
10000223,NA,NA
10000195,962613.8685725977,22.690174027495775
10001143,294.9958347525375,0.0061594554291784015
10000770,0,0
10000244,4718313.247137053,99.99999999998279
10000237,765978.1790597171,16.490422596192243
10000160,0,0
10000211,136282.89462181236,2.47137144706826
10000180,0,0
10003995,274102.7392896878,7.640249951391187
10000481,26093.26228866461,0.7181188896075463
10001867,257757.72596650844,7.4970292506591445
10004580,1718844.4938641288,34.82874355351633
10000351,1613719.634345907,40.88219773495899
10001875,979806.9127436521,21.061155440078856
10000157,253208.48865542907,5.747850240739455
10001061,787739.5379978344,15.660739820106986
10001873,1268146.1658533104,37.99695928791016
10000438,412854.3791897969,8.729112016769381
10001286,1340916.5948320178,39.45243706801798
10000393,846653.8156740201,21.90849829758819
10001265,48925.19324617379,1.4700076054909939
10001303,194674.1161180562,3.257331928822358
10000189,886940.2120200656,17.053656615324318
10003134,0,0
10003136,0,0
10002287,0,0
10003165,369886.22802163835,8.475285224963006
10003192,0,0
10003193,0,0
10003156,0,0
10003130,0,0
10001821,0,0
10004447,89155.72657566446,2.3302024754592
10001404,NA,NA
10001601,987772.6763936979,26.66570387683867
10003308,46350.624020206495,1.263685921313447
10001960,1954024.7985015148,35.14463087870204
10002096,0,0
10000751,NA,NA
10000759,0,0
10000378,NA,NA
10002098,978531.3610770269,23.237354840219908
10003787,4294155.686517436,98.71560767766285
10003769,774669.6671303872,15.734190664856637
10003795,0,0
10001249,0,0
10000676,0,0
10004446,839164.7239092208,16.616731956423532
10001246,0,0
10003783,280353.81372242497,6.4473508258695205
10006611,0,0
10001279,318535.2651493658,6.229892761100821
10001401,0,0
10001408,1249735.5607630564,25.858542576604528
10004444,677608.4394754476,15.555252992528482
10002101,1295426.4014264478,26.35722547866497
10001393,616498.9980779607,11.71773269822986
10006576,0,0
10004449,0,0
10001392,611958.070783287,14.197602149289576
10004451,711728.1880803178,15.946526132678319
10000282,1104560.01799612,28.630186162912157
10004443,593246.6783594281,16.99370100908426
10001396,445893.0399999593,10.485705218987109
10003864,386178.9516356146,10.02774311418973
10001235,0,0
10001457,753542.1510589726,22.127111210120496
10006591,322743.4520916161,9.255195381806093
10002630,54548.58268305743,1.2360325419055673
10003201,NA,NA
10000059,787228.3259821334,17.20576846991932
10000165,2067849.7355833654,44.99736711824336
10003601,717531.3146759126,15.95029709567266
10003603,276262.4410577485,6.5508131643325305
10003602,3429602.4211954423,90.10833918727047
10006587,0,0
10006588,237750.8522203213,5.490776004877003
10006589,0,0
10006590,0,0
10006592,494516.88522111386,14.8402219249229
10000496,580349.3790338328,14.115957109616497
10002658,279085.77730532933,8.116943858497772
10001575,2275534.7196363304,42.67059183505516
10003255,274728.6425528637,7.289029876997899
10002377,238747.8710188909,6.430924447855626
10001585,1412486.8943664469,37.353736102211485
10003626,294089.2624931301,8.026610351130604
10006184,0,0
10000461,0,0
10001584,1183773.3721039284,25.17437973600259
10003329,184288.39420171498,3.9376503433776953
10001238,153949.59290892413,3.5442710546057596
10006573,0,0
10003330,122162.6509046784,3.4757403323803358
10001573,279883.8010202347,6.200977098829271
10001572,454758.6134599346,9.197085316058319
10001579,262.2782622818389,0.0063423314646842074
10003310,209.0185117541047,0.004826691534557991
10001603,0,0
10003263,5227.60094083394,0.13733213962156313
10000924,0,0
10003125,0,0
10003170,0,0
10001592,0,0
10001233,14531.42955254734,0.4030956605542429
10003320,296243.08466341003,7.824046649991274
10003333,0,0
10003278,405141.6075067085,11.913596731787129
10001589,NA,NA
10005834,123505.27198728114,2.9452620588990106
10001581,1227727.314455189,34.40321788590785
10006218,157230.05264379553,3.745585658807675
10003289,75772.71940208369,2.0424309386158193
10000925,0,0
10001593,0,0
10001594,0,0
10001591,0,0
10002380,302485.88529034087,6.641207847003466
10003284,0,0
10003256,286595.2776948523,7.901166935499804
10003247,0,0
10003253,49574.94608326271,1.325942519673818
10006672,336658.6640553527,8.943509192999388
10001241,112930.02289289043,2.776749276284717
10003764,0,0
10006386,163377.37190163365,3.506785563996173
10002108,211522.4163893171,5.646198777191387
10005201,169947.50932222756,4.5704581350025375
10002142,288300.0722046099,6.695649734412615
10002861,345890.2120536964,8.734061520212963
10005378,452122.0669934125,13.001496582223782
10001384,0,0
10002800,0,0
10002801,0,0
10002872,452431.9552156027,13.042343415194846
10002860,0,0
10000269,1071368.849055118,21.721164992519707
10000274,207908.06233113655,3.194736999534812
10002913,0,0
10002914,0,0
10002701,0,0
10003116,42185.09628152515,1.218306609693859
10003075,0,0
10005949,251394.29855749634,7.389369049900263
10006977,0,0
10006979,493973.0252907256,14.838658023819317
10006981,0,0
10006983,0,0
10006988,647804.8722795349,19.838638265438227
10000092,0,0
10001915,1137700.6358241474,32.67983296873004
10003076,NA,NA
10003066,67469.91026819908,1.4532162667481707
10006992,403297.0196580512,10.026503022968953
10007010,0,0
10007011,0,0
10007013,852019.4327562273,25.68840066641915
10000264,0,0
10007018,0,0
10001364,777067.5058768112,13.713337970251837
10002506,0,0
10003068,15696.285083533874,0.29490661290185594
10003616,0,0
10000253,0,0
10000874,365327.8368428892,9.629788733011715
10005124,0,0
10004659,10340.327332850728,0.22359530577746226
10004660,76747.0803741689,2.0878254546069837
10004592,126691.04817431967,2.5426258053279267
10004593,344771.276691687,6.828940204739613
10006179,0,0
10006180,0,0
10003846,1245440.602881213,25.82212232050964
10006194,0,0
10003978,93400.47555904608,2.119818162452546
10004622,1095960.32864777,31.988948476628536
10000278,633794.5739589297,14.100015537106458
10001957,173.7300690669301,0.0039608085767662005
10000132,30956.789993314283,0.6758999251106135
10001223,700796.6567137205,16.148388238068705
10001214,265915.37647887657,6.66100027380625
10001954,2807643.9459811817,62.25862425366652
10000129,920175.8668325117,17.31966192924
10000140,410394.1183296264,9.861436923641524
10000149,202659.19191967408,4.857568478890683
10003698,NA,NA
10000142,297890.27715379535,8.723367802267196
10001226,1288763.2131328462,35.657454729237294
10001209,NA,NA
10003721,NA,NA
10003728,22345.993886320295,0.5538369150391836
10000150,117324.63267524067,3.392623235830869
10000146,48650.13093409574,1.2840606404966546
10001199,44492.69083337534,1.2693498195281907
10001216,1734933.2369753434,40.87990340873459
10001197,462043.36856176035,12.167278441842411
10001222,NA,NA
10001221,NA,NA
10003710,NA,NA
10006241,1116715.1378090899,31.154949702331752
10000355,111323.34942595898,2.9940612880576993
10000143,929505.6596629745,20.704514010571675
10000144,177565.5441798341,3.79983508279041
10001345,0,0
10000999,46307.05099582441,0.9766106606578897
10002605,0,0
10004118,1026658.2145150141,23.10154429873401
10002564,1120464.6117196572,26.371595747728733
10003083,NA,NA
10003084,NA,NA
10003067,21696.434334470512,0.4112114282821482
10006670,438025.32850503933,12.737818648722246
10006524,NA,NA
10000079,1063329.2859401526,27.037150614590804
10000085,2932197.256689817,58.539778383190075
10001005,2735.6698466824987,0.07350170669768123
10000267,409029.1412441424,8.732081706625893
10000075,0,0
10000076,134845.10436096508,3.9803986496947075
10000088,2790912.4465151974,65.98285295008294
10001004,136821.32524461817,3.253274533094875
10001009,0,0
10000993,211312.7050632561,4.641916527042449
10001007,40420.89038429284,1.141640330305202
10000070,115818.6090336283,2.697669798890646
10006381,1639394.3424443484,49.71976276845824
10001696,0,0
10000995,513122.93683733296,11.342096215598167
10001361,358243.2919240338,7.824316153790136
10002608,261696.7752629102,5.290093703972391
10000066,0,0
10000069,223030.48162133814,5.237594108016337
10000083,1209632.257967105,28.635521389626717
10002537,387285.03784934187,8.123027821804047
10002591,34946.610826455515,0.8524503317515596
10002613,59437.692448681075,1.567680473296813
10002606,358151.26222152525,9.222743945883895
10000087,537775.4093276601,15.488421490504049
10000081,922078.8782438588,23.881380838889
10000080,1278734.9154801173,31.378324656214353
10001382,37.17152976717907,5.991377089143896e-4
10006526,467342.0715995612,13.222019216812383
10006529,81368.88398680156,2.3469855697124844
10002300,916961.7130342177,22.530594692618124
10000065,0,0
10003229,1574634.330724456,41.846876944533214
10001909,117624.54249522362,3.3556356305603496
10000262,1088559.5608948288,15.607246114189646
10001906,4150773.0393010187,87.24664731996202
10001910,2133885.7204017793,46.03971592497467
10000078,4357002.063442032,91.82511543999544
10006525,3457467.4290748113,88.92231628006613
10000941,49200.41270105838,0.9031125428731794
10003233,570772.384290825,16.494053847615405
10002066,1540752.55272636,26.452634304310642
10006604,176020.62720282088,5.1643276368481965
10000994,0,0
10001324,0,0
10001330,1040741.7411037369,23.258767537005262
10006528,250340.20643914613,6.698462431435473
10003208,333378.1958129227,7.9810943630240665
10006605,NA,NA
10001318,0,0
10001588,710235.6183911685,16.708767919967727
10006384,NA,NA
10003331,47946.58301387267,1.1754135197593194
10001598,1289306.9052847775,33.799525620297636
10003324,3125849.944905915,67.88382027078498
10006606,0,0
10000615,2104861.2425356028,20.0823751568693
10006607,0,0
10000923,0,0
10000632,0,0
10000600,63863.99020701227,1.5574837048935792
10003262,77298.40966667034,1.5561201481185536
10001583,0,0
10006609,NA,NA
10003976,1041295.0416686492,12.671220682807194
10003307,7386.369651887058,0.17073814184313715
10006619,0,0
10002964,853533.2315185347,22.106373864661634
10004019,NA,NA
10003203,NA,NA
10006620,0,0
10003598,93163.92344321073,2.630570593712129
10006621,0,0
10006622,0,0
10002469,68202.64865334897,2.080905461572552
10002980,NA,NA
10003213,0,0
10000762,0,0
10002463,123265.25386371932,3.449349375079706
10001684,94555.36892060032,2.093541031103448
10001687,0,0
10001748,884051.1511143923,18.232218172101692
10001677,0,0
10001520,NA,NA
10006175,98772.27618400351,2.0116982176515474
10006196,40918.300653778184,0.9035959662407954
10006176,57466.51088855439,1.5909495971692622
10006219,251032.70504815318,6.776566352174496
10000159,0,0
10006749,0,0
10001690,0,0
10001760,281905.59643122164,6.541984731126255
10001633,406715.97522774956,8.993257793478012
10001320,508955.6076740669,11.067562192107479
10003017,0,0
10004168,741660.7438471233,20.459449336451343
10006837,57212.917099158454,1.6755803156194242
10004023,931078.5885809914,24.687279876790928
10001678,0,0
10004095,728513.6643274036,14.688559125931627
10002488,634302.0420284672,16.24118357441712
10000987,0,0
10002491,0,0
10001807,1855970.7320139094,10.771680456689586
10002479,135795.3038102478,3.5637128956792026
10001676,1835785.4966476762,29.584813435772933
10002455,219925.94907639668,4.257995206920291
10001681,326894.8546236567,6.0428786047453835
10001679,602402.4902106717,9.75908889367163
10002440,159677.16834365678,4.897901138862348
10002460,85527.59097689785,2.5843424728404227
10002459,0,0
10002470,0,0
10002493,148311.80510904625,4.478602195180991
10005990,631.1454567630423,0.018738864664275292
10000281,1317679.6712438103,29.081302453579617
10002472,263890.55565352796,8.001296766877015
10002505,0,0
10002476,221483.6364348855,4.261382877246925
10002497,2595686.7033707052,52.44480699094311
10002500,NA,NA
10002485,72973.31496589309,2.0776902342415333
10000094,454423.31411774294,10.754880262975178
10000981,0,0
10000095,505716.8358897623,13.987213637379556
10001914,186921.36736055833,5.198303550484621
10001913,0,0
10001116,0,0
10002436,88155.42159254328,2.4284210016244785
10003780,494746.8317870206,11.564863332179806
10001918,0,0
10006666,919855.9535512981,26.6477763767468
10006667,651474.1082223734,20.00611742149698
10003794,0,0
10001244,217453.12599442064,4.729056706379129
10003775,1053.4084867480694,0.02683101469165523
10003774,195851.75872270027,4.041604363516759
10003773,149079.11853894213,3.064742845581066
10000613,147250.39429224297,3.1999677680420597
10000830,0,0
10000580,0,0
10004645,3636587.485626935,81.36152749762721
10003385,215771.22122553474,4.441092535877576
10002097,1343749.9534760385,30.74970083995599
10001749,463.9868516188416,0.011851667612325147
10002558,245319.25002100805,4.855298409549337
10000191,0,0
10002638,156480.82187921935,4.199641167807551
10001974,0,0
10002640,NA,NA
10001975,0,0
10001787,491454.2556850732,11.585493812554033
10001750,24858.423689532607,0.6242112752030188
10004159,5251.566208458397,0.14411567495790878
10004157,253901.38563555223,5.99955490100466
10002531,0,0
10001775,0,0
10000954,NA,NA
10002656,440253.74772846926,12.782075256639065
10001025,100047.22663844164,2.1023074386698726
10004193,1306313.9197021667,28.787084633744303
10000624,0,0
10001865,754283.6590192633,22.770027550532152
10002569,1582278.9089847265,40.30793847815165
10006298,19.74824032603188,5.852193111130661e-4
10000601,104298.32855843054,2.0411773684718244
10004197,249636.7533895223,6.752628808125048
10000627,205690.02874682014,4.090496846976542
10001860,338249.9813897739,9.77085715907766
10003614,0,0
10003615,0,0
10003392,0,0
10000141,NA,NA
10003069,372239.7484405602,8.057245826369535
10003070,20195.74324038643,0.4980270985651262
10003578,422059.31357858435,11.317703795036003
10001027,786450.6189143695,17.56861674863912
10001770,810674.2022942757,18.279228446559156
10000892,NA,NA
10000867,2287781.470036159,51.69206230971851
10006542,113957.93186145416,3.3726377781303456
10000579,0,0
10000581,0,0
10001727,22029.64355536886,0.4222322458428143
10001728,0,0
10002206,771802.3446924344,18.90719519363512
10001754,223763.9543181907,5.40512863805204
10005114,151689.28502845188,4.174943079229959
10001095,668929.9835127081,19.945219283141643
10004952,957129.5370283311,28.32160489877586
10001782,4135364.6192856384,92.76624164914938
10005694,NA,NA
10006173,299009.4846935378,5.735528760460701
10000991,0,0
10006174,97621.61912020089,2.4048195860060475
10006193,0,0
10006299,55449.13093191699,1.5670798905548238
10000582,0,0
10000935,630047.853799821,14.375250722077325
10000338,241273.25005742715,6.507553549624847
10000550,357505.99765133817,9.545700899680245
10000456,601608.4426760743,16.208035724298277
10000136,NA,NA
10002565,0,0
10006171,0,0
10006172,NA,NA
10006238,68167.79812692043,1.5204445968111642
10001771,0,0
10000683,1263073.9219266667,24.12735343517853
10000603,360658.38377397694,9.503997145134093
10000163,29665.9891148158,0.608277920951621
10000833,0,0
10001778,0,0
10000831,27989.128551911468,0.5495490748187846
10001784,201577.58023247492,4.761420159350205
10000660,0,0
10000832,0,0
10000863,1944503.6139129156,37.63886207152949
10000685,0,0
10004714,0,0
10004724,0,0
10000330,378868.7822807435,7.3961261776907135
10000375,550442.2850684781,11.86623781030779
10000639,153095.91910516363,2.340811670385722
10000183,1172162.9222679585,29.711593585964692
10003386,337357.6728643259,8.11042464797938
10000116,757203.3722045729,16.591273131212976
10001799,NA,NA
10006309,417546.95850173663,7.552515758065817
10000275,0,0
10006512,0,0
10000542,467643.02419200214,9.520910152901097
10001040,175443.13130199094,3.611641879766651
10000712,548055.9478381705,11.005179482490524
10001028,0,0
10004812,0,0
10003376,721250.0231417088,13.555186965778729
10003148,NA,NA
10000713,260145.1244602501,7.324064359009787
10001346,0,0
10001362,369765.43507317634,7.145908642744536
10002416,2493217.9859135747,49.06743032059265
10000967,128251.79309643152,2.385407263145648
10002084,0,0
10002095,0,0
10003378,83747.46010070648,1.671662357701632
10000099,0,0
10000948,0,0
10002088,0,0
10001125,465474.51242053934,10.988480633452834
10000226,127542.75641290679,2.6955289736103527
10003826,535713.5999318607,11.368325639890498
10000172,0,0
10006945,0,0
10006946,0,0
10000277,250014.2979657115,5.0288343802230395
10001387,0,0
10006947,0,0
10006949,0,0
10000272,418.5596012195091,0.009071637854359963
10004034,457486.0863474064,12.245512147129778
10001389,264579.26259318064,5.071747960253262
10001366,150926.04296211348,3.100037320936239
10003444,27459.29795989251,0.512373316894964
10001342,895251.1661893232,19.16711841787733
10006546,443632.2412352573,12.80295895101982
10006951,0,0
10003834,1652023.2746827062,37.935465542695454
10001135,0,0
10001435,303329.2167498266,8.83772672646923
10006960,730041.9530014663,22.359519076636687
10001484,NA,NA
10003824,499390.944436511,9.798213469393808
10001341,0,0
10001347,0,0
10006971,927992.5618440656,24.197638939354285
10001386,1063544.0902267126,18.043586263991802
10003167,153166.2789822535,2.7635097720987023
10001283,0,0
10002330,40298.14744373983,0.9689370649438466
10000273,894.1388781610135,0.017436866824124566
10001357,0,0
10001989,0,0
10004594,510061.34720663255,10.130751809884863
10003607,697516.1001235746,17.903687212290777
10004595,NA,NA
10004647,NA,NA
10000605,541364.7476720314,4.133831911077865
10000606,260087.62381795578,2.512758974454208
10001979,934590.4318644849,21.12799309546321
10001134,0,0
10002245,0,0
10005863,NA,NA
10004632,2331665.9976940462,61.13463786074709
10002249,269604.2759362284,5.172578015260868
10000984,0,0
10002248,551288.8167923893,10.280403278652221
10000598,0,0
10000628,0,0
10000595,73399.17249576931,1.3346726164795375
10000622,0,0
10000618,798150.0483142302,18.140316323100606
10003348,80503.0189483849,1.9773624628755684
10003389,246503.60930243527,3.6472430886595992
10003342,433890.25465887965,8.801048589910119
10003957,796872.8911093132,13.973811411038245
10006312,995077.7101232283,24.71676592424569
10005784,0,0
10003413,191698.58462593358,5.468557824533038
10000626,2025722.6317965451,52.446775691993984
10002244,1035048.8031370917,27.80190154313494
10006610,204817.53061220885,5.623172043095034
10003973,0,0
10003974,0,0
10000188,413651.1002685804,12.477744713554419
10002246,234100.19061674137,5.403421879617849
10002247,273045.8515576955,5.402194138137066
10000826,1129453.2525408857,17.558172185752625
10000852,742.9657481704016,0.015764021466809778
10000836,115134.6153043932,1.637240639884078
10002341,1206870.926734712,21.296659556042872
10002345,0,0
10000794,4663348.401756685,94.28354514136863
10002692,0,0
10001293,0,0
10001001,825361.6852900225,14.278799131917285
10000992,901976.8361804383,18.86278382734265
10000998,0,0
10001003,248316.54389100053,4.932232004499642
10000785,140368.7451107878,2.674625401754276
10000824,2927080.29769064,44.78573359368788
10006185,0,0
10000825,5460432.183510585,66.28424251015944
10003424,705638.7578482281,13.950504020703852
10003356,222065.09266822686,4.654783075563987
10003412,2105414.2341353046,56.474635852258125
10003414,127960.94024167446,2.505386170657162
10000976,376016.04863291956,7.520299988242432
10000801,1453303.8321459885,23.856664014838945
10003377,58195.73086700348,1.4828404241611082
10002571,416758.9524557633,6.730886190252461
10001002,1701855.77491942,33.663634758510966
10002323,128808.45344515043,2.11259396333179
10003415,0,0
10002346,0,0
10002607,210934.14740963688,5.573665816152438
10001000,NA,NA
10003425,1630307.7552500207,32.80517283451923
10002353,0,0
10002431,604902.7892331006,10.80303860279754
10002570,1031137.6140847014,28.833780877472492
10001008,0,0
10003350,288058.68990317127,6.3471051142589285
10003362,595500.9126538407,12.036402031380284
10003363,612757.4872382713,15.636310317438875
10003432,1606978.708557228,33.05723807893807
10003419,0,0
10003398,127829.93025920766,3.59358134929162
10003365,1287263.3044080723,36.78797742342938
10005978,864921.3774831166,24.941705939706132
10005985,869355.6609243626,20.21095873436613
10003411,2181972.691485342,58.35203831894774
10003390,299548.4234981449,8.623586413055847
10003381,490200.67176640505,11.44443770996389
10000841,1262464.7708412902,22.02183971966696
10000972,1940096.8514675328,30.82823467831523
10003423,3303686.576617934,76.39391700674965
10002522,0,0
10000953,NA,NA
10002517,247749.93523372084,7.1808368058954075
10000988,1642931.5544694485,38.24843490632346
10000844,2875693.6798140337,40.11103428556421
10002568,1999862.769615501,41.6842592970813
10006671,0,0
10001177,0,0
10002803,0,0
10006544,0,0
10002309,0,0
10006530,218805.38760359937,5.991191030099424
10000810,0,0
10000869,76099.20931871432,1.1947165161500755
10001183,0,0
10000847,0,0
10000802,1817228.1818054789,29.83137189950067
10003405,113349.39974195177,3.008606449693875
10000821,17662.435103930457,0.25019224360941705
10005251,0,0
10006347,0,0
10005248,700995.0560597512,17.665156117935858
10000771,9698.549623808256,0.24149641437246558
10002428,170643.32999372995,3.4886846771113493
10002432,2018155.2877866812,33.68883565983451
10003433,674853.1526800216,13.772820197137229
10000902,506112.36134637246,12.660262841666519
10000905,0,0
10000822,0,0
10000858,0,0
10000904,0,0
10003357,231366.05590563355,4.817906762368267
10000982,248667.3190242528,4.114202287734677
10006623,544051.8774141277,14.085026124533384
10001949,0,0
10005290,0,0
10005252,245406.75606126932,6.504287241515446
10003397,0,0
10005253,167287.22934267085,4.336425964339071
10003372,507719.9459005667,12.66684467884111
10000014,12835.857765586477,0.27018526744130567
10005263,981315.7607338837,26.38875436946168
10005305,0,0
10000013,1942531.4085929024,42.929918585386716
10006624,307363.7213852382,8.213510966831153
10005264,0,0
10005324,0,0
10006204,80948.67288247292,2.092283694158658
10000856,525455.4788174776,14.488186968131087
10000878,0,0
10000774,0,0
10000901,549698.6634095862,13.133593554755427
10000814,0,0
10000786,155625.2403341635,3.04343854970471
10000789,258602.81136896898,6.142231302737061
10002349,733359.0760011561,18.40952940164747
10001261,78299.44037514634,2.352490569518458
10006186,36336.688284442076,0.9917863460684193
10001522,0,0
10002310,366495.2992190906,5.5953365563733914
10006531,0,0
10006532,924578.0968784522,18.259265914372822
10000793,733577.0240694169,15.901003685515699
10005328,0,0
10000050,101667.12286609726,2.967425045654056
10000010,66319.18509143143,1.9104501869462887
10002340,0,0
10003475,293379.68205133546,8.527918569231444
10005299,46257.51416551125,1.1635999645181412
10005256,0,0
10000877,0,0
10003349,0,0
10000756,0,0
10002923,1728970.4066570015,47.394385912682665
10000782,1219827.9781753842,22.723109228502043
10003911,52882.1870831915,1.486142264440846
10006571,0,0
10000564,237224.04357094425,5.537484305894789
10001154,0,0
10006581,554797.4877809682,16.201102261260946
10003629,0,0
10001708,NA,NA
10006326,472554.4919479615,12.170847633235775
10006327,229642.29378521172,5.78947959680915
10005212,3609136.8875315855,92.03482360888697
10004572,467075.7448876695,11.744753008086441
10000332,673307.4779982569,17.403057194706616
10000361,188356.9893164339,4.9145935152813705
10000357,2003019.397935803,52.12775776327297
10000391,603387.1847405331,15.34743202811737
10004558,1244604.7356733752,33.31912923772151
10000403,837844.9693689876,22.340952733181698
10000382,1327990.506443481,35.572069772826104
10000410,228178.98191129635,5.907855446469098
10000420,760476.9872293752,19.381377683399133
10000416,1717279.8206801743,38.000694798568865
10000518,875599.552064259,22.601334990284997
10000665,2033931.1643105554,37.91633072217667
10006210,152444.8433409362,3.6510467980881574
10000647,222842.15239260357,4.04508730278491
10000667,0,0
10000636,0,0
10002259,135125.6951703053,2.7278235138515865
10001786,225142.4054300673,5.017940336413145
10000695,0,0
10000652,577186.2514266017,9.911658406404614
10004734,0,0
10006508,176092.79584249065,5.060509131512294
10000693,1160827.2939524823,25.18789473557143
10002258,0,0
10004732,0,0
10000677,0,0
10000638,434520.3454772728,13.036903567886906
10000457,553246.845500011,14.951170859768222
10000635,0,0
10000662,0,0
10000455,1080494.4307383397,18.830059490766992
10000669,451828.9853618019,10.091733105873498
10000646,19747.158045630753,0.3722643436349992
10000674,0,0
10000687,1949133.5673876235,40.9224654716678
10000682,0,0
10000664,1906845.9988723788,42.536128912789835
10004677,103901.39538606894,2.243981688641846
10006351,182166.90761125254,4.4648095186541745
10000657,19062.344783996614,0.5664025594999632
10000688,0,0
10000672,0,0
10006352,163917.7083020399,4.094469403451656
10000673,0,0
10004667,0,0
10000641,130791.44477667793,2.8853623591103488
10004694,0,0
10006147,239328.26131050114,5.389603308107349
10003542,1567823.4873583596,42.07667406043254
10001718,2154734.5016512037,45.55313237828017
10006654,193739.20017981337,5.602960925709359
10000263,0,0
10006383,42489.22799049985,1.2043633757722667
10001337,314999.30779873737,6.640680938930002
10001325,315481.3776436795,6.128439609266239
10001331,179977.28901148104,3.472657337827546
10001322,0,0
10001333,567301.3679261052,12.208040504037967
10006211,458866.39105316927,11.024062230407743
10001319,0,0
10006549,705257.2472187955,17.55896158276073
10001062,281596.25585581624,6.36405467878049
10001073,938812.9130559553,17.457169456387813
10001067,0,0
10000479,822941.3351551617,22.621942635996767
10001450,1536081.3435133118,43.681009532732624
10003934,580485.7461267927,13.131108104799921
10004913,1695525.9592830501,34.69882966423696
10000316,757492.0524889302,16.509988304049454
10000320,878033.4213456528,17.278044375170587
10000317,95212.88497616195,2.5150627298460195
10006655,0,0
10006153,15946.90789126612,0.32187573032876227
10004475,54791.33408894878,1.5586600566545785
10000325,602576.0397170725,12.852110402057118
10002129,1428.5513701882298,0.031082451087784107
10001421,NA,NA
10002146,27532.110534202948,0.5920096161870231
10002134,720454.1764414146,15.620635937510949
10002138,0,0
10002144,783680.0634580542,17.06141083646432
10006154,210413.29936426587,4.544706967759382
10004496,285744.78666719334,7.070002665440045
10000298,1146239.6317928934,21.543365077557645
10002141,358137.09918635327,6.797326064148915
10000297,156850.05446152753,3.388598732735354
10000284,1422660.16894018,30.621181836986327
10001415,NA,NA
10006453,346699.8046830188,7.935775937539099
10000303,716781.9731896437,15.491213928434549
10000323,16352.119649281105,0.3834283249666017
10005199,0,0
10002137,10096.467036512524,0.21409236758821065
10001423,49781.93193532963,1.4102374254828105
10001414,998121.4573173521,29.315677579832457
10006322,140724.39396772566,3.2826643784831218
10000304,162095.03186396972,3.795711909116184
10004515,1423450.4117001838,39.44792046943745
10000309,1549016.4451013494,33.44142046367898
10000307,2224476.564626824,48.623958313515125
10000310,99086.93036263218,2.084348641213952
10000328,2084359.6814510885,42.98475521987524
10001432,1099000.950398227,32.235277007560526
10002147,286769.30599031644,5.954064392160295
10000283,297787.03103832644,7.005563617596325
10002126,0,0
10004453,0,0
10000318,1230190.7178517284,26.647634084849614
10004514,1424066.0067455377,37.7913107699857
10002135,963584.142028728,26.027261970680666
10004517,241901.13473781035,6.481553459284838
10004476,421987.4311731023,10.644770727828915
10000295,1289103.0552452828,35.029516896124996
10004522,779989.6730480592,20.958309308990763
10003891,229001.05478828805,6.2858895694771615
10002140,34866.44756291341,0.9898986444924015
10003900,69677.45954247376,1.9161449059939586
10003878,508689.77937640925,14.461521019354995
10003943,332891.1223107292,9.18920740491885
10000293,933696.6514698083,23.597284226801726
10001424,191872.51525651076,5.178519764851252
10002118,0,0
10002115,0,0
10004484,299166.22527015395,8.352418806271407
10004260,6359.342293775947,0.17746310537329313
10000312,541210.4494646188,14.605829385086489
10000838,0,0
10006344,0,0
10004251,596627.6803974702,16.664826316705884
10002192,1491699.165362419,40.67241776801017
10006567,2268811.8456089916,63.399643756446814
10004248,3152206.4044558425,47.05865189553787
10000508,0,0
10004170,107501.41379289246,2.7968837001855174
10002633,1291794.7431576548,29.519754907123037
10000337,2463805.2223706767,45.94402484274712
10000388,721811.9421135855,14.815958064255822
10001766,149181.9330685685,3.1177678230514605
10001798,0,0
10002174,1909363.8906903982,40.4230595275201
10002177,3520001.3334063473,70.09658511821233
10004614,183478.41207951307,4.986891614954563
10004194,0,0
10006534,135721.11712052193,3.871608908195851
10001769,141065.16246791522,3.1288951445391753
10004210,112034.05367032,2.994179680849291
10002657,466395.0678999216,12.36523112325522
10000485,32415.12067009636,0.9134672861829457
10001797,0,0
10004190,1182889.1347107193,26.097594014633092
10000442,124365.58500565756,3.32604235403461
10000459,NA,NA
10004651,1010894.0110902212,29.535437712438295
10003507,714868.4072419488,12.148790720658535
10004625,1394828.869503211,39.977897881438075
10000498,1771166.7740316624,46.70689445021946
10006535,2896241.8057419583,55.418164476112366
10001709,NA,NA
10000463,1171260.7698991636,31.04832083214467
10000515,683462.0780468003,17.974610793644707
10002184,2264001.8021263843,63.50271581880831
10002182,520481.5566717569,15.007013997724474
10001705,NA,NA
10002157,817355.2304315345,22.18871948274918
10000390,4159068.2413544473,79.62227104328682
10001014,4893710.437685414,85.700974089071
10000363,135901.83202621664,3.736656788038807
10001720,990016.3779307038,25.369228031747877
10000345,0,0
10000374,1278864.937566429,36.994796899344685
10004569,1670190.3008605621,47.295582995235655
10004567,274951.2189619823,7.349934928024121
10000450,1349047.8121896128,37.54432901692649
10003496,0,0
10006330,2598732.564079887,71.10259440860435
10000400,1764822.8604767474,51.878422725394955
10001454,647001.6916211498,19.212057371509605
10001711,706638.8641194423,11.40340275472305
10004639,1532116.790482949,43.06997638166838
10004606,385111.6379818505,10.048273625349106
10004650,1465584.856923439,37.89903545303447
10003538,189460.6378265207,3.6716934334297604
10000480,0,0
10004611,3425179.936171052,99.21974899390061
10002178,1730839.9430811282,47.84444474456695
10006324,1081356.999611679,30.668356871890186
10004612,1218193.039541815,34.78833241492547
10001459,777985.31856121,22.606542535608064
10006664,1551844.7892089784,30.62636526872829
10001717,130756.57777330065,2.864666036307056
10003515,101664.70753907233,2.370487621921262
10003546,0,0
10006332,464029.45770169655,11.73553435961357
10001015,372686.31255239685,8.773642533399457
10004656,3145613.4302648557,75.42099030563084
10002716,28774.597357521718,0.5350165109938486
10001978,882896.4882767855,16.737292532343584
10000190,0,0
10001969,640418.5905772367,16.39169793912879
10000247,0,0
10001984,456268.3746217861,11.465759838997123
10000243,1075448.3410655153,26.122986047088876
10000154,488094.6031546409,9.161854859489729
10002726,0,0
10002905,227113.7841598356,4.27342439503078
10002920,0,0
10000151,0,0
10000174,0,0
10000246,1367174.1907082442,30.90369258087604
10000197,1132888.1843122512,22.35203863104823
10002893,630077.7861613048,13.480732215380305
10000198,1226126.4735234145,30.118223176847707
10002784,38206.38096261905,0.9116595818079984
10002822,425258.3794448843,8.250240350123061
10000212,1703064.9523945155,30.356031122469467
10000215,921768.1735334764,16.466821024976145
10000206,0,0
10002714,1348455.131557853,31.643945367553584
10000200,0,0
10002917,0,0
10002916,0,0
10002857,0,0
10002928,0,0
10000204,0,0
10000213,8017.217584925562,0.1792912640885363
10000184,849155.0268161405,17.289597047149204
10002835,36799.99353608829,0.9598867601439879
10000216,NA,NA
10002799,298313.9352046918,7.2390922877868915
10002845,489629.677089899,12.436331623464415
10000224,575650.0500027114,12.523577146869275
10002827,0,0
10002791,4218.248134203973,0.09444159227162735
10000209,192766.77617090152,3.928655943421122
10005130,3064191.5866016163,88.78070053943058
10000196,12566.558832690023,0.24081475482706813
10000210,212230.8309639098,5.21321081100388
10002755,849014.9597819041,18.219063944372124
10000234,3278017.322690667,63.8526618798834
10002886,2196161.7648195075,53.139706236076925
10000161,399421.7105397097,10.312113620686828
10000152,36976.878969342164,0.7952966197429886
10001966,59219.12594492066,1.6054708190712592
10000228,406394.9629803949,10.211441057393628
10002858,0,0
10000208,0,0
10002876,46928.88638033179,1.0827349098367212
10002862,370562.6832663794,7.940669374981332
10000203,0,0
10002828,0,0
10000248,412021.68031194014,7.769178599538547
10000176,0,0
10000122,363472.4123640474,6.745279772187658
10000120,2527792.494572,53.48841552120559
10000103,101499.31614791427,1.8270878534570707
10000101,156433.9758679558,3.051634026431212
10000111,354453.66429496364,8.726033851708221
10000118,217764.21440148877,4.438031077887935
10000119,NA,NA
10005208,0,0
10003951,145481.45463755552,4.202018639734771
10006345,776878.5927409353,14.075296141446977
10000560,854098.6068379723,20.5109274345275
10002226,0,0
10000578,887021.444838144,19.848482790554343
10000385,1947684.6053060116,41.30969895861823
10005261,0,0
10000773,791570.028546112,14.582536860659449
10000799,690787.8002904096,12.192555553493479
10001530,0,0
10000428,NA,NA
10000056,0,0
10000384,2065178.1282478555,41.11333917973467
10000394,856552.1293928289,21.056621450135722
10000414,1222670.009197156,26.203133446418082
10000381,1495686.1448401068,30.339056519552987
10006189,0,0
10000430,873313.1439323976,22.098458009547798
10000418,811031.3074822945,15.57826560879763
10000419,813216.8876444603,17.099929156465638
10006206,830683.0688787315,16.261873354670143
10000444,3368829.882581909,65.83766842167765
10000055,0,0
10000057,0,0
10005642,529202.7558235389,10.203314445870319
10005640,72913.45262701905,1.5076915594010596
10006207,1125171.52313141,21.96524715586068
10001218,3470323.063070841,97.36022917718847
10006195,676857.9196631411,19.806426555766958
10004094,NA,NA
10000963,1030228.8601057543,3.536767152253431
10005933,NA,NA
10000949,1827096.669284536,36.140542249942314
10000327,270146.46203856205,5.558641603698716
10006511,274219.02916730294,6.6496793347679075
10000292,1452602.4826033618,31.99537388691091
10000329,2229447.12150046,54.939068683962354
10004574,1005556.2189659515,20.352492712187235
10000460,1679102.7521541978,44.53143915802055
10002175,1622094.8569710432,34.51965810691212
10000504,NA,NA
10006167,0,0
10000494,513355.59608805337,10.856133000884693
10000465,1084506.0428122142,25.261229786667833
10000453,NA,NA
10000437,370582.9918060685,7.695196034672677
10000440,0,0
10000473,NA,NA
10004139,0,0
10004126,1922463.120149406,55.53597931479559
10004137,0,0
10004138,0,0
10001738,904268.8372942415,20.62831925262968
10004127,1900173.9523167526,49.42645890271903
10001739,1470810.811604449,31.241584891073142
10004125,2431247.9232676798,54.854307131943116
10001742,209054.32960968383,4.141281248889251
10001743,202185.2293397399,5.278130883147796
10000467,524167.51636821224,11.069542927740686
10004140,594389.579778561,13.286148573581864
10002187,0,0
10000546,5201883.328826082,99.9999977693597
10004646,4099340.1668613236,84.48453408950611
10000512,4113596.133138395,90.71046519082968
10000679,0,0
10000680,0,0
10000658,372227.2470716213,7.649430518388106
10000659,152531.6623976392,3.7917717923060574
10000694,0,0
10000633,223318.56741923938,4.572610049300525
10000308,55680.543526140966,1.4657444726657696
10006659,891804.8013544941,24.521562258917097
10001470,138262.1386106686,4.190778643986221
10000642,556522.9881058757,8.771477059442905
10000315,504723.537430878,11.25813625881471
10004527,1182187.239647574,31.309338538157718
10000545,4367974.591596187,100.00000000219683
10000510,0,0
10000495,924760.002691416,17.32564213204538
10000653,552477.4696954289,11.151176730571882
10000547,5033267.693651864,100.00000028898488
10000548,4712128.960356025,99.277388314474
10003928,447114.4396451833,12.860456493854644
10002121,652945.9965644315,19.223530143640335
10000314,51905.587648449764,1.1440496251667858
10000313,1557715.379841723,44.08375074030671
10000100,558606.9487471781,15.194872769853122
10001162,373335.6118391337,9.754748020336992
10001165,0,0
10001163,125418.10607067643,2.6639455166913515
10005035,487126.59896964807,13.147494048481093
10001977,88383.85658013748,1.998553091299683
10002957,0,0
10002105,203459.59070659074,5.810347497960075
10002106,199403.72341925823,4.246424126399218
10006350,0,0
10000689,0,0
10000220,4432331.951062697,71.2044851515249
10006300,0,0
10000225,1093159.7149035474,26.261186167793348
10000790,2182294.7212456972,41.85621319900738
10000817,0,0
10000644,1442055.1937650195,27.17016680090762
10001146,0,0
10005273,0,0
10005113,45200.03555567015,0.9606990166924838
10000780,314323.86207263777,5.317866820393516
10000671,1051.6023629419856,0.023483437635673985
10006149,452527.9917165409,8.529923481827941
10000928,585025.1079417071,12.310883074713926
10000926,127302.26333554416,3.163736506972347
10006209,39693.63097874673,1.0033201047319809
10000857,1054433.3985283691,18.33202607379586
10000861,0,0
10000655,503078.7427163301,10.718867844594723
10000678,0,0
10000407,619179.4639931499,15.562652720102674
10000319,674201.7762641252,15.576128563921507
10006239,72602.69713169472,1.7433211137070033
10000285,97549.32675434237,2.0916118982415446
10004536,1024359.7808544239,30.236871700709255
10002102,0,0
10001411,0,0
10001426,81169.18173394015,2.305242112339774
10001158,1113379.7254862112,27.046368914530294
10001156,663698.173083205,19.027730377884673
10006580,613818.6480059419,18.114789441103266
10000720,647882.338759612,14.414403028840617
10002759,0,0
10001990,0,0
10001605,410109.6915215863,8.35830722349725
10000402,1520870.3608239433,30.31169304168782
10003624,0,0
10001933,0,0
10001155,0,0
10003625,0,0
10006572,0,0
10006574,0,0
10006575,0,0
10001972,1913018.698980639,49.20137179800541
10005282,0,0
10002693,0,0
10000084,557921.460598969,12.43472031311036
10000062,36509.15311796595,1.0861422068549418
10002139,55678.95738799317,1.3212485985480174
10000302,178748.39673360906,3.9353677511629557
10000761,31690.347918015716,0.6154269660042124
10000573,84950.92370304854,1.439613637151446
10000576,840030.2597294978,16.093139800832112
10006177,0,0
10006178,0,0
10000587,410170.43012213265,10.801153048151381
10000593,0,0
10000554,0,0
10002221,769058.796185596,22.040245763151802
10000004,318024.64631505636,6.3595522735080845
10000044,198072.49614900802,5.100632314858392
10002207,0,0
10002204,0,0
10002217,NA,NA
10000572,151961.044742666,4.3286324553818485
10002228,0,0
10002227,0,0
10003209,2395247.9492646684,48.84038103464706
10003468,117610.21772728866,3.3482369048901885
10006533,690542.883695543,15.675212094742037
10006615,0,0
10001184,304627.26812672557,8.429567648659662
10004339,8195.33348022509,0.2314414588711638
10001186,0,0
10001182,550554.8317106147,13.310078021120983
10001181,728125.8203198815,13.339899253824541
10001185,571335.3474935882,15.481884734032983
10001173,0,0
10001172,0,0
10001187,3792.232778185458,0.09915335668130372
10000934,551367.6175083321,13.839380315601552
10000927,40622.811959253624,0.8478146376967486
10000937,102645.1111154726,2.2750291493135557
10000955,0,0
10000939,102824.84708822475,2.079521823771098
10001489,0,0
10000931,366446.1625503824,7.260002006633359
10004089,0,0
10000933,204900.6274030474,4.23708397311837
10000929,546540.4092577077,13.8183813840907
10006618,0,0
10000765,2329963.3346786737,58.76039412409462
10002400,188865.25613918676,4.804262053183177
10000772,0,0
10002399,0,0
10005380,70262.5224899074,1.9428294933823216
10002401,826292.0722038497,24.383288953556686
10002348,136515.96384205396,2.2027829047953116
10001931,NA,NA
10000960,0,0
10002398,0,0
10002395,951249.8727369095,26.313868064896983
10002396,1016986.0430749999,26.864499410294655
10002397,0,0
10000796,126093.91190446816,2.419089051084046
10005283,0,0
10000704,221622.31048248467,6.470540734479319
10000699,2000233.3256140426,48.450367052340994
10000041,163364.8070517511,4.645023369874187
10003147,NA,NA
10000705,608789.8586838705,16.714956021469778
10006200,51033.631326775336,1.3852918432142882
10000037,822644.0723176926,23.73604832566735
10000706,336783.1013419211,9.722252100316922
10000707,NA,NA
10000701,152886.64447336452,4.374737466517872
10002260,1171502.8562944042,29.866893138289445
10002261,291325.52983765624,8.218109633092341
10006152,NA,NA
10002262,603415.0274402824,11.160697623561655
10000002,1545351.4515856456,44.370213928182864
10000006,57139.11292713928,1.1420957063007062
10006199,12553.754102775036,0.26665921721521124
10000043,343194.3136782202,7.27836778700919
10000023,NA,NA
10000887,5655584.726885434,120.84569407170412
10000974,2194079.907390551,47.922018467234864
10000806,0,0
10000871,610842.8905991721,18.396568941746207
10005219,111293.23866752494,3.041521366950231
10001106,680054.3295013608,17.045641229211498
10001108,27147.79258364833,0.7820470886626163
10006387,1122348.7891089479,32.8222890950857
10000028,554075.5118275163,13.650135447327843
10003595,73499.51717650123,2.0429400480456685
10000336,1213906.434032948,25.867276255216147
10006197,1126685.0937418027,28.421742260037263
10001879,0,0
10006191,251727.09266854337,6.974689040001566
10001102,16679.626142313806,0.4786315028866752
10001445,2078391.384049669,51.36288375959121
10000042,548223.7481675001,14.890827815271509
10006192,618684.1069844579,15.883546530013549
10000033,830802.162844281,24.17125739268045
10002153,532511.70884616906,10.783373001871006
10006205,0,0
10000422,4247913.033154781,88.16647617999888
10000412,2118000.997504316,42.57209466961154
10000411,1667915.2317407532,33.189178534877975
10000369,332091.96192415623,6.8935607473372
10000333,582778.3284882999,12.769413941776705
10001126,0,0
10000334,59239.00676088676,1.1982589810906683
10000392,368132.0397539436,7.451195404213163
10000365,946495.910262972,19.02052688444982
10000368,945330.877376564,19.001472314406225
10004576,1238150.9548425523,26.134896102587835
10004557,2009410.7404793496,43.581552542719024
10000339,10725.31828928131,0.20160615607629018
10004555,198676.77044810302,3.869261931717734
10004575,1358269.6591863954,27.005282216254408
10000395,812195.6347819362,16.35499091195732
10000396,1535941.0037796784,33.18359156119021
10000968,1294960.3079080137,27.841854521994218
10000956,NA,NA
10000561,918108.7272636244,20.26307693969451
10000567,0,0
10000864,1514287.2066873396,31.39156074305071
10000563,254040.2902509518,5.2038101443501334
10000569,618968.3265283996,14.18829212256817
10000577,3436.3188666559886,0.07679423986245043
10000557,0,0
10000586,206899.31231862624,4.639919707214457
10000575,0,0
10000588,349234.0628862328,8.235034477193597
10002233,0,0
10000432,2882535.108535975,57.181066970624364
10004579,1543656.578305744,35.63748330099797
10000585,0,0
10002210,52065.57642419376,1.4400019332446397
10005303,39152.27201268048,0.8247350798185501
10000562,0,0
10002136,1089560.7990316001,27.77892873279766
10004519,237088.47355467462,5.78618842479474
10004534,806951.2975625934,21.224060893501502
10000123,0,0
10000128,0,0
10003694,382513.2017965167,10.151319739882322
10003691,1354434.3084378901,31.31992418622278
10003692,1251136.9464806304,31.908792441078422
10000127,258694.24551828095,6.902992304727032
10001191,0,0
10000124,64167.0793283459,1.3602801112731082
10000126,NA,NA
10001180,468416.6540977453,11.040649004129623
10001063,0,0
10000464,350604.65847860463,9.134907958115402
10000471,821644.6626846452,23.0778622483647
10006333,1344869.1748914202,39.58668580771859
10003948,278127.56900531886,7.9198680094259375
10002164,1005919.954532338,25.97283115636277
10002165,1103301.3861340256,31.33333832542559
10006336,478408.2292313944,13.72575594162588
10000531,3240664.709333341,92.80309170548183
10004571,125371.17914437107,3.3380016586794117
10000435,205049.53217597207,5.730767334577546
10004657,2355618.7948537148,69.23940726205277
10001460,673330.9443161446,18.572718288941534
10000478,1000964.0220842413,26.801891192110965
10004628,542014.8177607076,15.42229312104833
10000448,1531918.9404668962,43.776407215393874
10000472,1683462.1814549516,43.20957471893573
10004600,303394.85978055774,8.257214504469394
10004615,111511.74085417434,3.1752366932073888
10000353,1653090.120334136,43.33541335673554
10004591,NA,NA
10004655,3927801.81408341,100.00000000044082
10000449,1356354.4838910564,37.157536787536145
10006337,910900.1847611668,26.88121831378602
10000350,118045.20706948187,3.3700938880596603
10004616,229077.66907736225,6.719410885694735
10004564,2118280.6434211344,59.816215734547974
10006564,342364.83179634024,10.406866485312086
10005901,0,0
10005861,NA,NA
10005849,7144.383826953895,0.17672508285524388
10005871,NA,NA
10004043,5424.626068494522,0.11580206688418819
10001632,95692.5402992466,2.1525499196319458
10001609,0,0
10002405,2648212.583082214,56.168852243561865
10004068,0,0
10001624,NA,NA
10001616,1596148.8712956875,43.84770515768419
10001622,1503494.6882346098,28.350956775338044
10001618,NA,NA
10001608,109207.17726791251,2.360742555997942
10004065,1000173.1558058781,19.87036876783304
10001631,284203.187832014,4.548091164573151
10001617,NA,NA
10001626,2329434.7956717964,45.97419848885036
10001606,594938.5132471021,14.28690440511334
10000942,108832.29596706253,2.1906719181753807
10001612,0,0
10001615,NA,NA
10006550,0,0
10006551,994631.5276440457,29.21499959558385
10006552,23853.45052247363,0.6997212213050129
10006554,3056786.6256031194,89.41394098239557
10006553,0,0
10006555,NA,NA
10004060,732163.6510194939,18.46344613598599
10006556,289373.4467456219,8.27147688702478
10005902,0,0
10004053,NA,NA
10006557,0,0
10004062,96534.01891654596,2.703314012475532
10005867,0,0
10006558,33462.86658189923,1.010305563623894
10006559,92246.18191426217,2.64792994579619
10005866,NA,NA
10005862,NA,NA
10005854,NA,NA
10006560,68551.4739104069,2.065231278196925
10006561,663971.5518837447,18.89391091419938
10004044,0,0
10006562,507591.48142606777,13.335978095918408
10001621,NA,NA
10005848,96064.27879571711,2.539761803838167
10004070,0,0
10006563,0,0
10005864,NA,NA
10005865,NA,NA
10004050,1068132.906772148,30.654598443877074
10005887,342838.8421329126,10.37119514729615
10001811,2072480.682016481,40.30913460913945
10001820,0,0
10001815,1569550.2544659567,43.617265462290234
10004250,435811.8825260602,12.830829556425469
10004259,276025.36091101944,7.584680575963211
10004236,862825.4483326636,24.125528274656485
10004238,2592319.5885661175,73.03015777714677
10004264,1221748.5965137228,36.17184725655587
10001812,1410142.7404425011,26.96237527504117
10004255,0,0
10001804,0,0
10006212,707570.1681816427,19.445397994513442
10000109,212268.5163037533,4.400887906224787
10006637,0,0
10001170,10767.699415051897,0.2312197252218431
10001940,22373.8723434257,0.6021379328835251
10001941,23454.328693335417,0.5009446827955623
10003652,259246.48590832844,7.681320502116957
10003662,4706.741679152524,0.11833992265810951
10004330,NA,NA
10004331,NA,NA
10003650,0,0
10000110,173694.60462553232,3.6243511677087827
10000117,1816779.205655222,36.635931414656184
10000121,972853.2218629355,20.7623812881496
10000106,593779.3759286037,12.590173355803383
10000107,397394.5517246211,8.184206587394002
10000102,396131.0220413373,8.657887030298923
10005047,2426152.5282650623,60.1030254175498
10004327,1554771.700120588,38.64713041447213
10005054,0,0
10004312,583507.5987514635,13.588865363310628
10003639,NA,NA
10003645,215902.53426542215,6.241246449955669
10003638,817325.6259183396,23.770706558005585
10003651,8751.008675421384,0.21718933970743506
10003680,660041.8354495837,19.158036306808608
10001944,NA,NA
10003678,132598.6183225136,3.3063852051658444
10005044,99160.3146217402,2.827895983224669
10002729,77119.48685628468,1.6709237647228745
10002725,0,0
10000194,95368.05599031305,1.8896136274201396
10001275,NA,NA
10001274,385474.5232397477,8.235239416743932
10001967,303594.1931184921,6.020912111798206
10000238,568480.8837238335,14.667019826703672
10002838,4842761.674368104,98.39164090641842
10002844,266123.1718481587,5.6409748438559975
10000185,1141595.3548391005,22.565645230016788
10000242,4641664.331021779,99.99999999999152
10000156,0,0
10000175,0,0
10000199,0,0
10002802,0,0
10000245,3143695.78155935,69.35203061501974
10002940,0,0
10002792,0,0
10002758,0,0
10002900,1027868.2417105592,22.13434936771774
10000229,0,0
10000178,358495.2360873636,8.625353810095628
10002731,102185.11939792642,1.9252605074023856
10001050,577238.3334182233,12.098639292870141
10001029,60629.224994963915,1.3431376417566308
10001044,0,0
10006290,84581.07773392707,2.272397800917409
10001045,0,0
10001043,1023006.7443331303,21.94534280893197
10001031,876168.5502790803,19.25733641306865
10001030,923644.1116206067,20.05460387103404
10001830,0,0
10001832,0,0
10001033,497598.79521411256,8.578130864684521
10001034,969773.4646551801,17.50585880970571
10001048,132274.05892828046,3.9018277343705816
10001831,0,0
10000241,5421301.22434874,99.99999999937792
10006678,NA,NA
10006679,NA,NA
10003565,0,0
10003571,443296.2172452535,9.68221261362218
10003568,354492.4857217214,7.5558074595058935
10001016,0,0
10001734,38985.302280758166,0.8379619453248179
10003590,1351996.1028225147,37.34674218876018
10003566,826687.5280388921,14.04295594701265
10001731,835034.9287975404,17.126320019933466
10001730,0,0
10003576,132454.4256407256,3.515667134906804
10003574,263873.86434726184,6.877366338906139
10003569,3670621.5313011506,67.68404351175387
10001017,18353.16512474963,0.40738963526448563
10001735,1743190.5501518415,36.259626334077524
10006633,314197.9669344874,8.516214577930734
10006636,36021.50288769838,0.991076072600484
10006638,115807.34703478683,3.217287839861248
10003593,0,0
10003583,151700.33289868126,4.33403738431705
10001298,352298.2047436292,7.226696816609647
10002958,1351758.1542901143,34.899716967856364
10001294,327405.44919896475,7.068481041451798
10001305,902283.6116309755,26.898680293836325
10001302,0,0
10001312,0,0
10002971,300773.4050113175,7.309203721433574
10002968,1162531.8487216078,23.73206985446215
10001306,0,0
10002986,235414.04106563973,6.516289274234518
10001310,0,0
10001295,0,0
10002956,657696.7554366419,18.383864749677077
10002955,789064.6594677473,22.13545433731763
10005750,394169.71089740563,11.177830677085716
10001297,0,0
10005749,882083.7922354535,23.647823486986383
10000709,NA,NA
10006363,64427.51693843175,1.284730072259452
10003117,2009261.6970688323,49.4503442427352
10003048,NA,NA
10000733,285442.40631637786,5.28801172196991
10003109,NA,NA
10000718,203098.82227536145,4.284401435714553
10003064,0,0
10000721,70884.14817109125,1.3071060296925703
10003052,53348.24936096756,1.0206576898845232
10000728,755662.7735722209,16.792374820989693
10003074,31934.089191719915,0.7023137239424977
10003056,784230.3137481299,16.77782861490129
10003107,NA,NA
10003054,411398.55879755213,8.195489984381915
10000719,1089062.2131636906,23.31818003158583
10003062,41708.48346026076,0.8700736902098062
10001492,221759.22306374845,4.826430256255267
10005227,1165814.6732001656,30.977251945236844
10000724,56682.44957476726,1.2705522979441473
10003106,27945.450978953828,0.8175950674627477
10006641,3205.9694755937903,0.09042249473712467
10006644,13130.240027766093,0.38649545120730694
10001721,0,0
10003561,0,0
10003556,37143.1627231745,0.8027353651858214
10003554,316845.2850201908,7.7576286573751165
10003557,94407.16075267455,2.543124427002142
10003558,0,0
10003559,13499.16100778439,0.38883933528980874
10003553,51828.05970009713,1.373377165751302
10000098,329590.9276180361,6.747803879937715
10001142,1206358.6549837494,23.935203549235478
10001141,1526667.998858199,29.896658676381342
10001928,532990.2055665082,12.214243610341246
10001132,0,0
10001137,NA,NA
10002687,10223.401360128773,0.2268330949184578
10001138,212096.84202057932,4.0026907096884035
10002685,NA,NA
10001147,706876.4299353741,13.855297012965343
10001129,680385.586818574,13.703979409967054
10002691,0,0
10002668,NA,NA
10001921,35062.54813124901,0.9749369206517372
10001123,443001.67260735005,10.64831544932869
10001128,0,0
10001118,718641.439532972,20.342767871815923
10001121,427457.6412261673,10.449285309671227
10001120,0,0
10003758,0,0
10001239,458940.92599093454,11.029193393662863
10001242,1437456.754472794,40.188135020406015
