FACILITYID,haz_prox
10000002,2.9027026174141937
10000004,2330.0540739575226
10000006,0.11078974768646645
10000010,0.1345385023828363
10000013,0.09897120960129158
10000014,0.06073967419117343
10000017,0.10926063917153586
10000023,0.17384078324804078
10000025,0.036284020521175735
10000028,0.018665501420995316
10000033,1.8528528478094433
10000037,0.0975618826868066
10000041,0.0578867075301046
10000042,0.029851883860161625
10000043,0.037644355440907905
10000044,0.0364889483658658
10000050,0.14991753322301948
10000053,0.2089805094248438
10000055,0.11486651209914758
10000056,0.007311115972286673
10000057,0.08620093151909221
10000059,0.16257562714773868
10000060,0.23467317061203594
10000062,0.9043646540149958
10000065,1.8572942910529595
10000066,0.08233460277633828
10000069,0.15964629828251864
10000070,0.14735069417483707
10000075,0.03505935215422667
10000076,0.3306185456617316
10000078,0.05646007418176584
10000079,0.1661891694216576
10000080,0.1708792961449565
10000081,0.18196569460975692
10000083,0.03426100760934935
10000084,0.03585544211562655
10000085,0.020163910948609406
10000087,0.26467225453379634
10000088,0.022891193291774168
10000092,0.07308020071238505
10000094,0.3193575826969212
10000095,4.558497772311
10000098,0.047607670732507365
10000099,0.301935966032344
10000100,0.08675934748479153
10000101,0.04932229212681239
10000102,0.052718583845420795
10000103,0.0502952450523236
10000106,0.12243150581816878
10000107,0.021914439891023114
10000109,0.6403864117398599
10000110,0.020391989745455467
10000111,0.02252028667151843
10000116,0.09165007407879246
10000117,0.06080312272574526
10000118,0.375263500131684
10000119,0.46241347972719515
10000120,0.0409118432863825
10000121,0.04421281505858693
10000122,0.041600777347252205
10000123,1.7523369262392137
10000124,2.4476727027730316
10000126,0.1399820940090762
10000127,0.0064503157820616245
10000128,0.02978884655126569
10000129,0.06194410884313544
10000132,0.04775338032496343
10000136,0.044820936192279996
10000140,0.042272588209025526
10000141,1.1183692825789442
10000142,0.02639800040901351
10000143,0.0195510431992821
10000144,0.02502933247227745
10000146,0.5146910349283245
10000149,0.09076358409399972
10000150,2.482457027250929
10000151,0.014606938432120973
10000152,0.047965745393201635
10000154,0.22994741037259683
10000155,0.01555346396133652
10000156,0.008742372385132802
10000157,0.017009632877382986
10000159,0.11389531998686091
10000160,0.017982091512817207
10000161,0.030927589398825974
10000163,3.715595866394842
10000165,1.0019519124212426
10000172,0.2823150213314501
10000174,0.10811477416491758
10000175,0.06561908739617342
10000176,0.06293145856893823
10000178,0.11587099122469484
10000180,0.42974567585474116
10000182,1.3521963610460332
10000183,0.09850374334083792
10000184,0.06095100804315348
10000185,0.0711576986687048
10000186,0.03796292256243808
10000187,0.04044522573650905
10000188,0.1803340763968641
10000189,0.19223433418576738
10000190,0.02522044362350651
10000191,0.4628265954541816
10000194,0.030493663675856455
10000195,0.031162203571788026
10000196,0.0330269821707927
10000197,0.37490999861829455
10000198,0.35749631950679706
10000199,0.015009595337008044
10000200,0.03303608670696404
10000203,0.02966263173743315
10000204,0.4959539558828776
10000205,0.1394484921302782
10000206,0.027241657372712825
10000208,0.021551092354614994
10000209,0.22827087983668473
10000210,0.5766672678324455
10000211,0.20501631096304712
10000212,0.039987902957647585
10000213,0.6191407208535715
10000215,0.041047063140613634
10000216,1.3491821686785934
10000219,0.2845398554603043
10000220,0.05248294818539977
10000223,0.02137002398843703
10000224,0.07435464415879496
10000225,0.16477638121922464
10000226,0.06212105054073206
10000228,0.17540668032794382
10000229,1.1937173693136902
10000234,0.17894912489473178
10000237,0.02157745189761453
10000238,0.021505500671785003
10000241,0.08098254273582402
10000242,0.07907097601583102
10000243,0.11121279486553055
10000244,0.07884714076165127
10000245,0.13813259635030165
10000246,0.1553069729934141
10000247,0.5650349524778855
10000248,0.022488451673139388
10000251,0.22976403510088048
10000252,0.023883996185508315
10000253,0.02337646358299662
10000257,0.01888445034855988
10000258,0.03799609657215458
10000259,0.12495349236635082
10000260,3.7806082090762163
10000261,2.3409700008861263
10000262,2.9260273876910152
10000263,0.02375724326037373
10000264,0.012085105815883937
10000267,0.010636578666722185
10000269,0.4798254327937608
10000272,0.3774995202076482
10000273,0.30983209093241376
10000274,0.1861250954291832
10000275,0.14085010690299676
10000277,0.19562679578023376
10000278,0.18644748815200557
10000281,0.22991243281243143
10000282,0.3451284942559367
10000283,0.04781669273944666
10000284,0.03156771193663849
10000285,0.2507443856804242
10000292,1.528531863457817
10000293,1.2612417550469337
10000295,0.15012402034561165
10000297,0.02864515006518429
10000298,0.0850890210824132
10000302,0.8176402041144452
10000303,0.036218729935525204
10000304,2.308157765803847
10000307,0.025650502035949166
10000308,0.04856661844874435
10000309,0.0421491806605715
10000310,0.03141457367380928
10000312,1.2420086037226326
10000313,2.4839462354355555
10000314,3.7591396091355387
10000315,0.028240490463473947
10000316,0.03452530648665489
10000317,0.03730851769536924
10000318,0.027621871727349832
10000319,0.0199013106531239
10000320,0.020190987522243346
10000323,0.052517467990530184
10000325,0.024769180532838393
10000327,0.030158711411194344
10000328,0.13976840002549956
10000329,0.15051532784940921
10000330,0.020775096294301888
10000332,0.03098976675506205
10000333,0.03132550954037971
10000334,0.03208549900818381
10000335,0.03227344143226597
10000336,0.022394970315278546
10000337,0.02280212746531618
10000338,0.02038608228373142
10000339,0.10185460317100982
10000345,0.21337890672084314
10000350,0.1762520906302391
10000351,0.10725256247918065
10000353,0.11055396168098043
10000355,2.651678917339768
10000356,1.5620383751076443
10000357,5.416040570317264
10000360,0.5168389705127945
10000361,0.6150826681495049
10000363,0.12394283864912789
10000365,0.03432095909009677
10000368,0.034313646421087786
10000369,0.03603629627379083
10000370,0.04256087747876084
10000374,0.6669928609311451
10000375,0.11954962156595651
10000378,0.11756887549883274
10000381,0.026147077962040556
10000382,0.026201075879528656
10000384,0.03126128423135397
10000385,0.030599039502516436
10000386,0.030605155015926665
10000387,0.09187634778741892
10000388,0.08905126376527796
10000390,0.04714599845780663
10000391,0.0469148652535073
10000392,0.04789935060916883
10000393,0.13608551216877898
10000394,0.141988405597504
10000395,0.13001191150628857
10000396,0.14656016739109068
10000400,0.10922708750908867
10000402,0.04568279992028297
10000403,0.04646349652940042
10000405,0.042252045167602795
10000407,0.09313985180267799
10000409,0.031878260934928786
10000410,0.032167826804323604
10000411,0.02706587397059151
10000412,0.027157114912886433
10000413,0.018201834493547307
10000414,0.0310888240222309
10000416,0.027469293351318
10000417,0.027154534463892762
10000418,0.03473641814240348
10000419,0.03460165568994389
10000420,0.033710006077892915
10000422,0.016352448998616948
10000426,0.15933025941768122
10000428,0.02568312301566472
10000429,0.025169320508095845
10000430,0.10656625558305825
10000432,0.01680490147413439
10000433,0.016695909886878676
10000435,0.3185172586754322
10000437,0.15408639391694595
10000438,0.14327604108824887
10000440,0.16973158043245937
10000441,0.178976654885977
10000442,0.18860653275084113
10000444,0.09403938626205181
10000445,0.09372087042542394
10000448,0.0927559718244091
10000449,0.09471062268391728
10000450,0.11045582681253259
10000453,0.03134900248974449
10000455,0.0577529567172102
10000456,0.06911893639902691
10000457,0.058178188297467605
10000459,0.257027483112252
10000460,0.38268867270392665
10000461,0.18329118189719038
10000463,0.9780175668552704
10000464,0.5544608414919304
10000465,1.3026901279934129
10000467,0.28700436422114767
10000471,0.04379303960836751
10000472,0.05744521930200691
10000473,0.08991457926985913
10000474,0.08861047760076575
10000478,4.505709511617526
10000479,4.04154621803686
10000480,0.38079349105886273
10000481,1.170150451740052
10000485,1.0669381588938234
10000492,0.05965592638485577
10000494,0.05908751607015617
10000495,0.023874917797401814
10000496,0.02402529235242971
10000498,0.02362619075186627
10000504,0.022361482534660772
10000507,0.03202674706198334
10000508,0.051306928327759294
10000509,0.050804944448815656
10000510,0.0414402294243636
10000512,0.01911252490972552
10000515,0.17758137401394178
10000518,0.20006669937246235
10000519,0.20068685716821363
10000525,0.10565423613365023
10000528,0.10230175622169334
10000531,0.09444635795870124
10000533,0.6746337948735013
10000540,1.4176022884575485
10000542,0.6905562032370327
10000545,0.3346001608664089
10000546,0.39644530413648227
10000547,0.44721657798143083
10000548,0.6405791904095991
10000550,0.5725440307494374
10000554,0.14888280839821427
10000557,0.008882538474489518
10000560,0.460000194746389
10000561,0.49020466312182687
10000562,0.1143551500253008
10000563,0.20384374503176023
10000564,0.8090962930005381
10000567,0.018709840579320118
10000569,0.01390765910716137
10000572,0.14057344531822016
10000573,0.01184087823245535
10000575,0.0241453648028458
10000576,0.023614293145246715
10000577,0.02419880606872589
10000578,0.02418978313823307
10000579,0.019163630980850565
10000580,0.01932978049460028
10000581,0.019501485800065717
10000582,0.019654078794464434
10000585,0.02128649847367964
10000586,0.24592120832816908
10000587,0.24386138933778284
10000588,0.2798387444006649
10000593,0.007847575614130294
10000595,0.015487353009537748
10000598,0.013544800538013504
10000600,0.06226918920341352
10000601,0.05360962786756947
10000603,0.05441553304750056
10000605,0.045979981050344544
10000606,0.2733334362723689
10000613,0.06730950306072028
10000615,0.040829918644281725
10000618,0.047990104746894524
10000621,0.10969862992354286
10000622,0.04613382570711145
10000624,0.7783675976132407
10000626,0.04999425914858993
10000627,0.444686134283501
10000628,0.1911119231052232
10000630,0.19033751641659827
10000632,0.01147518027341524
10000633,0.039479099723266735
10000635,4.916637365394086
10000636,4.756950790942736
10000638,0.1506062160819897
10000639,0.2282918729459292
10000641,0.3546506028343144
10000642,0.12744313918650216
10000644,2.5303101244372326
10000646,1.547213702112193
10000647,1.5618345560459466
10000652,0.0528078369629314
10000653,0.15965977605434087
10000655,0.6356249323809691
10000657,3.832978094580886
10000658,1.7079777556566746
10000659,2.743518805391657
10000660,0.1784763966284371
10000662,0.6097536994331008
10000664,0.020454016877252408
10000665,0.020477013475040478
10000667,0.014667969065938698
10000669,1.1448141095049618
10000671,0.02059970186388723
10000672,0.02951322711872348
10000673,0.14140680811212952
10000674,0.021985933820663064
10000676,0.25668661488044436
10000677,0.3408516485484095
10000678,0.2566486665883404
10000679,0.027258307647201982
10000680,0.027376284814916347
10000682,0.02310901372028161
10000683,0.11786375208774057
10000685,1.608856461039107
10000687,0.04305924824283048
10000688,0.025270906321212698
10000689,0.031269902149222255
10000693,0.023306699846131207
10000694,0.21898241496282386
10000695,0.03140471873483411
10000696,0.03095401297898086
10000699,4.54820734243623
10000701,2.787410952774495
10000704,0.39134953068941963
10000705,2.0800788322685837
10000706,0.1990085284702104
10000707,0.21755265124045542
10000709,0.6352406977197681
10000712,0.12382220786888544
10000713,0.11227249160095296
10000718,0.08650643005780881
10000719,0.13551861742039387
10000720,0.058844963830964284
10000721,0.04566504796376474
10000724,0.061748145962604493
10000728,0.8269142568802521
10000729,0.12636683671020071
10000733,1.2645107189626925
10000737,0.10217944273009709
10000744,0.07810530602897922
10000745,56.83357756349906
10000751,0.8051507967205056
10000752,0.1103391892102329
10000754,0.08105456626104135
10000756,0.1324330096872397
10000759,0.21996872696064698
10000761,1.6607533304958841
10000762,0.2670236021557164
10000763,0.13587036929470434
10000765,0.21128653558971375
10000770,104.55848941674724
10000771,0.024001430027440294
10000772,0.5330543316067204
10000773,0.07978012552815265
10000774,0.04037809546960953
10000780,3.1321539188993595
10000782,6.968327151706963
10000784,0.059103505073346184
10000785,1.5244765911900209
10000786,0.16015843918776912
10000789,0.1595409527546944
10000790,10.076547396121631
10000793,9.14665206063955
10000794,0.6101877942648998
10000796,4.935929732675943
10000799,6.104977847761205
10000801,0.12988877912793867
10000802,0.13251423775217033
10000806,0.43978925030137545
10000810,0.435253276302903
10000811,0.0383400701897197
10000814,0.29495820893724684
10000817,0.15111552340765055
10000821,0.14855870668597965
10000822,0.13399033024489956
10000824,0.2668036316158181
10000825,0.20693890613003033
10000826,1.5486237687610105
10000830,4.757414150353854
10000831,5.343138846944288
10000832,4.63539029519998
10000833,4.9939453657944215
10000836,13.684082161099642
10000838,0.07340385281807137
10000840,14.858484301390087
10000841,0.5105426117869577
10000844,0.5218007414959068
10000847,0.08052682309845995
10000852,0.08712353008758672
10000856,6.910726032134354
10000857,79.06777839638566
10000858,0.061443291629835875
10000861,0.15297885123735258
10000863,0.4145929223824877
10000864,0.18178143604004818
10000867,0.19296946619957178
10000869,2.453492644538695
10000871,46.72478655170591
10000874,747.885972392572
10000877,1.5987478285760002
10000878,0.3621609625742641
10000879,0.03481450920201779
10000881,19.2004850882794
10000887,19.0839199145299
10000892,83.55044179628814
10000901,0.11684770752758943
10000902,0.06412880170972685
10000904,0.07077452724328968
10000905,0.9919627644332789
10000915,0.8634456424092716
10000917,26.09727502538972
10000918,22.552113298738927
10000919,30.986825207681985
10000923,0.044487705633035314
10000924,0.045393726983095066
10000925,0.04462570283650803
10000926,2.8065191985436373
10000927,0.3463367527181562
10000928,0.565671330148534
10000929,0.48798391751519243
10000931,1.406248528607962
10000933,0.8423104520954698
10000934,0.2664957154444599
10000935,1.2311323010673634
10000937,4.37472544251337
10000939,5.067958007837031
10000941,0.09947546872866118
10000942,0.02164165679474085
10000948,0.06891895944886407
10000949,0.18123402554582704
10000953,0.055414985789974336
10000954,0.48522164322678524
10000955,0.08672136031363266
10000956,0.09010621410548966
10000960,0.07973100767109896
10000963,0.08437091089177784
10000967,0.05467460560194496
10000968,0.2335601269178956
10000972,7.9672211290906105
10000974,12.149935472501646
10000976,0.163086001042427
10000980,1.1407356943020612
10000981,1.4221648970680383
10000982,0.17852840396738603
10000984,1.5940781628541316
10000986,0.02888973745230664
10000987,0.017910025983895066
10000988,0.028849294633435895
10000990,1.0222608196227911
10000991,0.09939559303297028
10000992,2.293538969398301
10000993,0.08165436869685529
10000994,0.032699949096085285
10000995,0.01860018847060454
10000998,0.04445265156125229
10000999,2.5463744926018137
10001000,5.4920339702423835
10001001,0.06865984014384437
10001002,0.4453208600563066
10001003,0.10127042945859849
10001004,0.0912644447643326
10001005,0.1937699198601614
10001007,2.833083271690979
10001008,2.3342914862156814
10001009,2.395579040512702
10001014,0.039459299350914606
10001015,0.02931078962639897
10001016,0.02359006725427049
10001017,0.03226570345079781
10001021,0.024144235138787575
10001023,0.16835285829005897
10001025,0.03504397399622751
10001027,0.031144823038445728
10001028,0.018296164327741254
10001029,0.2395110494298915
10001030,0.6324314673860192
10001031,0.6321491821840047
10001033,0.4689776057911175
10001034,0.779230471660115
10001040,0.014463747169811032
10001042,0.23134367733063868
10001043,0.24589191903611832
10001044,0.14101500636952272
10001045,0.16259859115028005
10001048,2.594159336769238
10001050,0.06962504033917873
10001051,15.75489596444221
10001052,0.12733038907364694
10001054,1.8234367006231835
10001059,0.9402031936803721
10001060,0.10004548912069165
10001061,0.11680137926866548
10001062,0.09006513602690373
10001063,0.043147003297602904
10001065,0.44897255510309503
10001067,0.18920616336969914
10001068,0.2127517177148755
10001071,0.13586245202158823
10001072,0.06312750112160884
10001073,0.233151542109891
10001075,0.03299762170907375
10001076,0.5717922616972898
10001077,0.17283234975206607
10001078,0.27622221619301923
10001080,0.020938522180931177
10001082,0.029930206716598174
10001087,0.08410878084208497
10001089,0.35897697784770705
10001090,0.07588356252344834
10001091,1.8045626431745736
10001093,3.275351431698355
10001095,1.7285789151309927
10001096,0.026023835129813114
10001099,0.02247542584136476
10001100,0.14142730716460514
10001102,0.0274606263624619
10001106,0.029957789073273036
10001108,0.03189527757011817
10001116,0.1326924442169187
10001118,0.1752444289381604
10001120,0.06907401042337308
10001121,1.0604414731905396
10001123,1.2772259742352439
10001125,1.806659253822827
10001126,0.26799226195473574
10001128,0.02032617397915097
10001129,0.10192779372436012
10001132,2.362152097596736
10001133,0.11255150201516743
10001134,0.09317804182315867
10001135,0.09637485537547942
10001137,0.15492384167985246
10001138,0.045944614589375134
10001141,0.1281350759937082
10001142,0.13948730105046542
10001143,0.1087590219063469
10001145,0.027592602005225005
10001146,0.10396304796059357
10001147,0.13032240298960457
10001150,0.035213894060533345
10001154,0.4505578686558866
10001155,0.006544114123446373
10001156,0.5410289363145792
10001158,0.32469775396282063
10001162,0.08583070530711222
10001163,0.07859438541714672
10001165,0.25724212969364774
10001170,0.026849555527618574
10001172,0.011527466125682546
10001173,0.012252599180730494
10001176,0.01253669426707436
10001177,3.309782528640016
10001180,0.09458864275077639
10001181,0.09485359275066127
10001182,0.0922620907300108
10001183,0.08157181484312222
10001184,0.14766487834349354
10001185,0.09244436873191211
10001186,0.3298088665364396
10001187,0.3273469222635495
10001191,0.10040153001358468
10001197,0.0424218592495663
10001199,0.04042151218962492
10001204,4.1962590176917125
10001209,0.1746866164841506
10001214,0.04343481369246875
10001216,0.0487774265976149
10001218,0.1425349197107366
10001221,0.5540068781416537
10001222,0.4635009566748876
10001223,0.02377794915988544
10001226,0.038003285109046256
10001231,0.23878997881058073
10001232,0.254266020986533
10001233,0.009208742639539464
10001235,0.01294317618628886
10001238,0.2551740306841938
10001239,4.001521168232954
10001240,0.07777210306836606
10001241,0.008380273272303585
10001242,0.008451260328959537
10001244,0.012301608435715955
10001246,0.009002596126827538
10001249,0.045171107626531745
10001261,0.1881282448554614
10001265,1.466289062153241
10001274,0.031099463438140188
10001275,0.031423928941886975
10001279,0.1921401919389384
10001283,0.14323958720764787
10001286,0.15465872736123584
10001293,0.03758823709442161
10001294,0.07037055444951355
10001295,0.04912772916755899
10001297,0.013970250210700676
10001298,0.2626323729346089
10001301,0.19433173641475204
10001302,0.7359859528646056
10001303,0.09551913750227582
10001305,0.2147469333418107
10001306,0.0164329318627441
10001310,0.07454352499599257
10001312,0.13572329191142832
10001318,0.01607215949830864
10001319,0.013007473656135912
10001320,0.018237090121829603
10001322,0.0317571480877727
10001324,0.5203787718660055
10001325,0.10772688560347723
10001330,0.6789301988373239
10001331,0.3925646969909298
10001333,0.2215672809284213
10001337,1.057690407264526
10001341,0.009897392561023868
10001342,0.09561072307959108
10001345,0.024920389752911335
10001346,0.019266542440682252
10001347,0.009833718454862556
10001357,0.08489862089938364
10001361,0.6035953955205967
10001362,0.6863961142240629
10001364,0.3830916111968219
10001366,0.14163005235494036
10001382,0.1660594088973277
10001384,0.10129517250551069
10001386,0.18260739012265023
10001387,2.5241261683093135
10001389,0.0397941609932388
10001392,0.40094837255112964
10001393,1.7774608685427786
10001396,1.1507721321271467
10001401,2.366190082627535
10001404,0.07555698109075587
10001408,0.3837477274632674
10001411,1.2189564101413985
10001414,1.3089031393356616
10001415,1.3431593833105082
10001421,0.03576090275396369
10001423,0.1316458800363219
10001424,0.847978544135267
10001426,2.1657728861054824
10001432,3.2685295507088856
10001435,0.07715380945264107
10001437,0.6517489831659907
10001443,0.4138796157612846
10001445,0.0534755018337387
10001448,0.49592221195398645
10001450,0.28562664493217677
10001454,0.7009233204243523
10001457,0.39277175896175925
10001459,0.19747952926464085
10001460,1.6296160364012064
10001470,5.939250477385139
10001484,0.10131270172443028
10001489,0.09697201096825513
10001492,0.05209967013084304
10001496,0.07466746807533835
10001504,0.9597285074626423
10001512,2.430201426816483
10001518,0.05194253233414405
10001519,0.8027809656149707
10001520,0.12805649980699782
10001522,0.26146770905242506
10001530,0.09337617633984374
10001542,2.8023752015742516
10001543,28.149625904770637
10001544,0.14696372008464129
10001546,0.7447255807172691
10001547,0.4168113901951208
10001548,0.5816350441674278
10001550,25.966338759546442
10001552,22.50829175862591
10001553,12.752143504705268
10001556,0.16191915301433993
10001558,8.076066453673452
10001559,7.3992585439707
10001560,11.38347266652561
10001564,1.7128931708841033
10001566,0.8387224874204074
10001567,0.13180095189464097
10001569,0.15882129388557722
10001570,0.15604082741627506
10001572,0.08952224774304844
10001573,0.05016106244337329
10001574,0.12134425217220812
10001575,7.758981067329727
10001578,0.04223453240180514
10001579,0.11911816301943333
10001581,0.11344882644210506
10001582,0.5133453458682729
10001583,0.04326623632519995
10001584,0.8847220057626295
10001585,0.9134738086877952
10001586,0.9081557061767558
10001588,0.0501363670320167
10001589,0.01439376681830986
10001590,0.014442514870713631
10001591,0.02368944708441674
10001592,0.011706036189235209
10001593,0.03882399164511701
10001594,0.04053182039386365
10001597,0.020238582270745133
10001598,0.05470934790079658
10001601,0.05429575930633755
10001603,0.02216205276635974
10001605,1.5472257209804128
10001606,0.015361022511064614
10001608,0.01668631077580929
10001609,0.016882157157154177
10001612,1.439368833226699
10001614,0.05041968374378563
10001615,0.022045997935926893
10001616,15.348620852363497
10001617,0.06439632298643193
10001618,0.06989590188171607
10001621,0.06699612996971682
10001622,0.027117238897898722
10001624,0.20656717248734027
10001626,0.3562010789944432
10001631,1.5344911866987754
10001632,0.05430611616470716
10001633,2.513941436640039
10001636,0.04712675345653684
10001676,1.0716760369533995
10001677,0.5464274653501243
10001678,0.9836611472213281
10001679,0.2507513227514988
10001681,0.09911005920729692
10001684,0.06858833665033387
10001687,0.036748550437839055
10001690,0.04586712151750892
10001696,1.3900378344681124
10001697,1.6219352286624331
10001699,0.17233361096775696
10001701,3.156455053086748
10001705,0.7911467875071503
10001708,0.46055748066157387
10001709,1.0821060920022494
10001711,0.042137412946073274
10001713,0.02507789253149767
10001716,0.0457806967726014
10001717,0.04839470718295364
10001718,1.2080107169039804
10001720,1.2166035424270176
10001721,3.5542925276324544
10001722,0.37761407608558406
10001725,0.04194763838082673
10001727,0.15438604317712445
10001728,0.14618650891356488
10001729,0.027356735242222405
10001730,0.010714854195632097
10001731,0.018522901886294636
10001732,0.029757108077342376
10001733,0.029871570606378947
10001734,0.030824560195409755
10001735,0.057360494823347284
10001737,0.36292742178426124
10001738,0.19268523996340603
10001739,1.5440328847305123
10001742,0.019377420072909542
10001743,0.17464027906856827
10001745,0.28753715632517124
10001747,0.185239630946894
10001748,0.1571904826520638
10001749,0.05092561262280612
10001750,0.05705884363767687
10001752,0.05351034369514134
10001754,0.09920857120699628
10001759,0.04476009306855113
10001760,0.21279583683131126
10001761,0.16718648594708888
10001763,0.03953282949111734
10001766,1.3306411144572736
10001769,0.10921204623808244
10001770,0.0707533647949654
10001771,0.5031266107766055
10001775,0.05678437860050134
10001776,0.06276921363144852
10001777,0.7217703873750049
10001778,0.50081613969056
10001782,0.11119959142064371
10001784,0.036174408731583556
10001786,0.5305872164360061
10001787,0.040447552055701295
10001788,0.0299769862135168
10001790,0.028531499652949217
10001793,0.15208973077988971
10001794,0.03545703007081514
10001797,0.027295464818719854
10001798,0.02041119457617306
10001799,0.018096986331096247
10001801,1.8254744285356266
10001804,0.0320759339141901
10001807,0.031130162305048427
10001811,0.019015650508530494
10001812,0.01895772636999109
10001815,0.5158310869701516
10001816,0.14717027071832992
10001820,0.022611995585646603
10001821,0.06975477041833462
10001826,1.507742506672893
10001830,0.03351526066877482
10001831,0.03411146957659673
10001832,0.03392285853000553
10001852,0.4841009349073185
10001853,0.02895053719552593
10001856,17.17355081605794
10001860,0.32651751523768024
10001861,2.684572307990704
10001862,2.8145404550911968
10001863,0.019970190930713984
10001865,1.2207974452542762
10001866,0.14009674209539744
10001867,0.5098057483306649
10001869,0.10547090585733966
10001871,4.08184353600451
10001873,2.1163611605226915
10001875,0.048210177914304195
10001879,0.0721295019434949
10001906,0.08327317050692878
10001909,5.621010530938891
10001910,0.02085791929190113
10001913,0.06579136343626701
10001914,0.8844702972578955
10001915,0.5314453441336664
10001918,0.07448138174294384
10001921,0.15945864479954533
10001925,0.11611491218018222
10001928,0.1211578498337677
10001931,0.15717031376782536
10001933,0.08366918216037139
10001936,0.2640968243441817
10001940,0.10447930662390764
10001941,0.10855983470586558
10001944,1.7719790732916927
10001949,0.2899996694253362
10001954,0.04132033652478344
10001957,0.12578388361813195
10001958,0.0017777537167806814
10001960,0.060941628314311
10001966,0.048564058065268874
10001967,0.21888353132976132
10001969,0.05113045349826045
10001972,0.9288798773984241
10001974,4.825545110955717
10001975,2.6003592141946377
10001977,0.03982889495982798
10001978,0.06130515148653294
10001979,0.03730758370552169
10001980,0.03740146002699357
10001984,0.2605372408895597
10001989,0.16235280453810796
10001990,0.15291344548248303
10002066,0.022705042275081005
10002084,0.025809795734128116
10002088,0.03737538883841276
10002095,2.2663698646695116
10002096,2.297391492146407
10002097,0.13888956452012716
10002098,0.15325290818450177
10002101,0.2824177653332162
10002102,0.08094328033658761
10002105,0.11964012288541999
10002106,0.12575039425478257
10002108,0.04272710803146621
10002115,0.446652688144667
10002118,0.14488055641520603
10002121,2.2119012025045692
10002126,0.03779609720095633
10002129,0.09784498167415205
10002134,0.12517298955300318
10002135,1.5336107345437435
10002136,1.611748170901989
10002137,0.022458832805782543
10002138,0.042626700159702054
10002139,0.16966937942271476
10002140,0.15382410053728388
10002141,0.033262687523751264
10002142,0.026779739907534485
10002144,0.03922389267989553
10002146,0.07374764316704263
10002147,0.7636651368678584
10002152,0.04862840292277396
10002153,0.049214174455359375
10002157,0.852896215026755
10002164,1.167618724356346
10002165,0.5303082714788278
10002174,0.26713508316106466
10002175,0.2717890321732284
10002176,0.0757535911883335
10002177,0.07569123188676187
10002178,0.12222682603521172
10002182,0.11501407079905922
10002184,0.05158858566522161
10002187,0.033272101105756915
10002192,0.06736595504015604
10002204,0.7294963770418662
10002206,0.7002525832852224
10002207,0.16431421674368837
10002210,0.27234043860916013
10002217,0.11680262276295002
10002221,0.5288694232614011
10002223,0.5333361302636657
10002225,0.024672011512299696
10002226,0.02489211140796457
10002227,0.02510092453208967
10002228,0.017604087667950834
10002230,0.2583405114181306
10002233,0.00882336996337634
10002244,6.0257186537205305
10002245,5.3937809312485845
10002246,0.27290044623105486
10002247,0.543848357566372
10002248,0.09962011103166545
10002249,0.024476173091256076
10002258,0.021698587490521185
10002259,0.04003052976375107
10002260,3.0545992999613336
10002261,0.04806022531427442
10002262,0.050953515484729116
10002281,0.30624275158726505
10002287,1.8742297350309414
10002290,2.1407436195103964
10002298,15.643808560422382
10002300,3.3300501661288253
10002301,3.606744602137752
10002305,2.0882996546946835
10002309,0.30837517764490313
10002310,0.07878855217244048
10002322,3.438505733702379
10002323,1.1050933505008802
10002330,7.597604195913857
10002340,3.968554393960073
10002341,3.5277863791223427
10002345,19.359330875977236
10002346,0.16937068305239458
10002347,0.17986983294718745
10002348,0.042208957869635313
10002349,27.907555292446787
10002353,2.449575089892988
10002359,0.16941257326550255
10002361,29.98318955456116
10002364,14.691154329348127
10002367,20.219030874315113
10002377,0.043929859507923504
10002380,0.9580552772371113
10002395,6.433877593261609
10002396,6.144651629068773
10002397,10.056604282047438
10002398,10.54153858225858
10002399,0.1634530961636046
10002400,4.848499632661489
10002401,5.509149572544019
10002405,0.4320447322272193
10002416,0.0873621095606106
10002428,0.24323066410706606
10002431,0.16888694180845185
10002432,0.18458981819263623
10002436,5.269892412623064
10002440,3.6078916452300827
10002455,0.009827724000545619
10002459,3.538468749620297
10002460,2.631036226341384
10002463,0.15870932610232308
10002469,13.571823372651187
10002470,9.4245845812417
10002472,12.368718613810223
10002476,0.36518720483775685
10002479,0.07136501180987558
10002485,0.056029079597613086
10002488,11.771486493879065
10002491,0.09325996062520803
10002493,0.17843341920730016
10002497,0.2301381840589434
10002500,0.022240700466619096
10002505,0.4819186764403994
10002506,1.5450491509551623
10002510,1.0708028714519535
10002517,0.021388604520218898
10002522,0.026870476337221724
10002531,0.045088276248861574
10002537,0.025644539853566392
10002556,0.019320969308575155
10002558,0.022401982757085864
10002560,0.11106646144014434
10002564,1.7603780932794795
10002565,0.031513796282376286
10002568,1.1772890420674154
10002569,0.9111175495932976
10002570,0.9256348101043637
10002571,1.0787818034665195
10002579,0.10418561102136376
10002589,0.12888387440268223
10002591,1.3355231908817027
10002600,2.167138169361768
10002605,0.9733998633346189
10002606,1.2878374840567348
10002607,7.6779844523831144
10002608,7.509467747535821
10002613,0.1040782041388554
10002616,0.45641971137729026
10002617,0.01503838644908392
10002629,0.15816622317920062
10002630,0.034620622626880995
10002633,0.0358373442257292
10002638,0.10125257315420721
10002640,0.16433880807443207
10002656,0.9162771631625233
10002657,0.00554082804552306
10002658,0.005529941357777614
10002668,0.06368263912560837
10002685,0.12992164408564824
10002687,0.20813895705920124
10002688,0.06031211891297126
10002689,0.47262191049546315
10002691,0.04393912445773102
10002692,0.04927345520199753
10002693,0.046833378333234865
10002701,0.3246557569547331
10002713,0.014302666497383189
10002714,0.014374707874398051
10002716,0.19363456276746302
10002723,0.13376203787901278
10002725,0.024123766699017078
10002726,0.023843444551635305
10002729,0.33215696629411107
10002731,0.05641798112726831
10002755,1.2062870050964973
10002758,0.012615843566673453
10002759,0.02279026364082364
10002784,0.03749147641685968
10002791,0.03366837751084686
10002792,0.03416513701290418
10002799,0.3336278253534366
10002800,0.38464714810919537
10002801,0.1329585559457481
10002802,0.09003625286585928
10002803,0.0938401988151794
10002817,0.030189217649137467
10002822,0.02789589104636467
10002827,0.02378274237205019
10002828,0.024458683912111975
10002835,0.8032587405011306
10002838,0.09432585095088682
10002843,1.0175702944529725
10002844,0.07089465329511146
10002845,0.0728489660201443
10002857,1.410779747247904
10002858,1.5871944734950676
10002860,0.16673235980688678
10002861,0.7241004348890592
10002862,0.7064614367892015
10002872,1.956778293813676
10002876,0.04682829998745913
10002885,0.16636136112792932
10002886,0.17520099542690604
10002893,0.1251948737474311
10002897,1.53166672485588
10002900,0.024343085526587916
10002905,0.07294957637518056
10002908,0.03907372720037283
10002913,0.09502519676332974
10002914,0.101928720234668
10002916,0.02414092887267318
10002917,0.024544256644017087
10002920,0.03444419214138584
10002923,0.23333116471124105
10002928,0.02109599159216391
10002940,0.09162859949367257
10002941,0.09070142253071223
10002955,0.015118938591083224
10002956,0.015140774550801506
10002957,0.022731469240111844
10002958,4.408104027256517
10002964,0.2232828104033219
10002968,0.908860707634399
10002971,0.5661783327325451
10002980,0.004348220849332925
10002986,0.5212554378170838
10002987,0.07903480022067601
10002988,0.11259846405652921
10002991,0.034718279620112244
10002995,0.5089172116961808
10002996,0.2662959523049231
10002997,0.27674036162531274
10002998,0.012868246723137577
10003000,0.007951266748228445
10003002,0.007803050791777343
10003004,0.02259410934365082
10003005,0.02383682619165768
10003006,0.023464022217838967
10003008,3.4321070346204303
10003012,0.6507652349613448
10003014,23.916619202716905
10003017,12.331977197418372
10003047,0.15110346212378636
10003048,0.9091557411568412
10003052,0.035221098482935226
10003054,2.303928627302055
10003056,0.07263542159785444
10003062,1.175555565535912
10003064,0.13063965122220436
10003066,0.08067677764839126
10003067,0.07768327325801705
10003068,0.07466643332225786
10003069,0.1774593419595242
10003070,0.1903447332135729
10003073,0.2008748540348273
10003074,0.42397096445875465
10003075,0.24836804589648367
10003076,0.20728417622740236
10003077,0.07410223022530417
10003082,0.4060955364180876
10003083,0.10505420597763397
10003084,0.10227901518321782
10003106,0.10320930631364972
10003107,0.18458288235052336
10003109,0.8993622236764751
10003116,21.734059313359523
10003117,3.189973915298289
10003121,0.5559557963630014
10003122,0.5851996804367572
10003124,3.30262234434823
10003125,2.593654274570309
10003127,0.08096772839022008
10003128,0.08296603794365548
10003130,0.167758838821277
10003131,0.21067563864304414
10003132,0.6842587991727178
10003134,0.1474825790272378
10003135,0.13736757930379498
10003136,0.10176599902810893
10003138,0.16995798600400527
10003140,1.454204023414544
10003141,0.7887402592992866
10003144,1.8975994381006596
10003145,2.648237906610457
10003146,52.730274660204294
10003147,1.2119280270931765
10003148,23.92975662450612
10003149,2.7648159177790608
10003152,0.7739330888537502
10003156,0.20211939429352657
10003160,3.694680903812855
10003165,2.4380552839523855
10003166,1.8365539378636255
10003167,36.574402999835506
10003170,0.11866605938198267
10003175,3.690801763700384
10003188,1.8604884694765442
10003189,4.2758110388599375
10003192,3.757990971974432
10003193,4.773737358604306
10003195,18.76872756490278
10003196,3.262273288907917
10003197,0.1151258050657916
10003198,3.6054296651387006
10003199,1.9777760299599185
10003200,0.39195464950019127
10003201,0.31481659247059446
10003202,0.07531011121080207
10003203,0.0765360318369004
10003204,0.08567068507026539
10003208,3.0904583855226027
10003209,4.27109268115721
10003213,4.1035069580368555
10003227,300.09352314899326
10003229,377.14974470648843
10003233,233.8651823740845
10003235,518.8435093451016
10003247,0.08738899782827805
10003253,0.20248880747610667
10003255,0.05492772801192331
10003256,0.055262228417929646
10003262,0.11853601646275831
10003263,0.11964330875488245
10003268,0.037511523551588946
10003278,4.496352925337119
10003284,0.5915297037734017
10003289,0.055081705165282414
10003307,0.01598548036331309
10003308,0.021945363294380422
10003310,0.6866538842718957
10003316,0.14540385951572057
10003320,2.1580131770683684
10003324,0.053624455401839494
10003327,0.022214702068751868
10003329,0.030048382552095968
10003330,0.030062747553780547
10003331,0.016583733146719723
10003333,0.10927131063947663
10003342,0.14057371671907162
10003348,11.578367349981336
10003349,4.499699872262077
10003350,2.79473235366995
10003356,0.1715492836074547
10003357,0.15408968378215818
10003362,0.24111317833520327
10003363,0.24425494266763303
10003365,1.987394854168477
10003372,0.18245661986039144
10003376,1.718673459439066
10003377,1.2976374789504506
10003378,1.2880083640457476
10003381,3.391300817335326
10003385,0.05917352169972122
10003386,0.05677832962593522
10003387,0.05551170615095126
10003389,2.8944871804384698
10003390,0.808236739804241
10003392,1.0045348159097112
10003397,0.6541148327864468
10003398,0.4580332676346054
10003405,0.2601905288302332
10003411,2.2470628720143546
10003412,2.013356207789562
10003413,2.1173924436932867
10003414,0.13852783700492374
10003415,0.3093657606254395
10003419,1.5717464432832149
10003423,0.2809257255277701
10003424,0.1417027539607427
10003425,0.125667642567864
10003432,2.8244290660042553
10003433,1.4199357610349321
10003444,0.050726136570760236
10003447,0.2484304899953362
10003453,0.7740406249637308
10003455,0.09850876908937072
10003460,3.5678690331120526
10003461,3.0800850633986387
10003464,0.21625387445900454
10003465,0.17676995536799978
10003468,0.014547464206098834
10003472,0.892910918540716
10003475,0.008078800318532624
10003479,0.023978754966817978
10003483,0.005538402594222873
10003486,0.26789470424893425
10003488,0.04906896378787281
10003496,0.05842208119276584
10003507,0.18277559423762732
10003515,0.06354010270443282
10003538,0.028708973131973126
10003542,0.2379676313756844
10003546,0.034314981705533994
10003553,4.7690659132989115
10003554,5.5502281517327114
10003556,3.789953355674753
10003557,3.984346252187406
10003558,3.9461534359847743
10003559,4.023664844239483
10003561,4.371388367153695
10003565,0.018196981038169437
10003566,0.02474673047696556
10003568,0.01858845579764459
10003569,0.05216039829103529
10003571,0.04438359384379315
10003572,0.0655111161556364
10003574,1.245823173548172
10003576,0.6900686036848132
10003578,1.982311604579904
10003579,0.027857874352929888
10003580,0.04397803891928909
10003583,0.02932331669396003
10003584,0.17107179076974013
10003585,0.19706870088587236
10003587,0.02461826370398167
10003590,0.08847970684296205
10003591,0.04077426786880857
10003592,0.05720034126059117
10003593,0.025095223697247204
10003595,0.1475752699066243
10003598,0.1566523973676731
10003601,0.15498035556160158
10003602,0.05923885494605028
10003603,0.1219970761394121
10003607,0.017582859349934248
10003614,15.694829091314498
10003615,1.558649542132432
10003616,2.2172770289359645
10003624,0.015022059649375868
10003625,0.01669939120761949
10003626,0.8861671931962066
10003629,0.028679711515430775
10003638,0.9017465718967144
10003639,0.06881881139146187
10003645,0.5479982335272954
10003650,1.011327224004308
10003651,0.26023826084614116
10003652,0.22233434759140785
10003662,0.026424433275534048
10003678,0.037190164925004404
10003680,0.1816070770570913
10003691,7.014787551193491
10003692,0.020336695926157968
10003694,0.1946542386304121
10003698,3.1067712017011844
10003710,0.0918523396710373
10003721,0.19762888547260893
10003728,0.038965421096378246
10003757,1.0981843258395847
10003758,0.039813315450630916
10003759,0.042432230173703255
10003761,0.0017783195116035648
10003764,0.0018655454922555962
10003769,0.007859016364955628
10003773,2.5622882194367946
10003774,1.6995360300247089
10003775,1.36941420865035
10003780,0.014026793054656036
10003783,3.987408351710996
10003787,0.06939488093856891
10003794,0.04922983692419237
10003795,0.0483479456813134
10003799,0.06494340008054608
10003800,0.02559447928115301
10003824,2.443634376409848
10003826,1.7792664914615912
10003834,0.4860106784464824
10003846,0.16127819840006188
10003864,0.1733153032698408
10003878,0.23220896896701562
10003891,0.4968324416479457
10003900,0.13562104040224
10003911,0.13025218857241552
10003928,0.09187156129509112
10003934,0.02106763618035259
10003943,0.14245473244351145
10003948,0.7726202460593286
10003950,0.25320032212132804
10003951,0.013671325738921188
10003957,0.2243019583492206
10003973,0.12607573477106376
10003974,0.12052692484405358
10003976,0.050282463243515325
10003978,0.04619487149930252
10003990,41.012393415860885
10003993,0.8715695799718564
10003995,15.141575280965986
10003996,18.20858674522708
10004002,3.3082691447297665
10004003,23.94592775709403
10004004,2.236691463366648
10004005,2.1722052246394905
10004008,2.5070594150449983
10004017,0.05465778199688228
10004018,0.05531134566435667
10004019,0.11763015709665241
10004023,0.420365814799895
10004024,0.42684742171057466
10004027,1.4630796581891379
10004028,0.07439941453430685
10004029,0.978834110449486
10004034,25.440698259410254
10004035,23.699164647005556
10004040,0.06671553697100507
10004043,0.025883624780351864
10004044,2.2888486059205886
10004050,0.020964606564352686
10004053,0.06843756837920888
10004060,3.2208977826428113
10004062,0.07521195174192677
10004065,0.050351892653799676
10004068,0.03240707754685006
10004070,0.045636258711668584
10004089,0.08988306912458927
10004094,0.17354234966835766
10004095,0.23255489950567113
10004116,0.021776166307580638
10004118,0.7876231508496767
10004121,0.16622459052511082
10004122,0.7716256646507886
10004125,0.4543694133261047
10004126,0.2331643570010263
10004127,0.48292843042389194
10004134,0.2104616049403214
10004137,0.42583966652587024
10004138,0.4533316192114918
10004139,0.23578367709978257
10004140,0.019295331563673423
10004143,0.03758482603323243
10004146,0.0460020836825854
10004153,0.407415150660062
10004157,0.05838932742694564
10004159,3.9859731235261315
10004165,0.06657181190077183
10004168,0.18900879052742978
10004170,1.5181747592686192
10004173,1.0639610439630793
10004174,0.8049017412143837
10004177,0.2220253540864685
10004183,1.2624805457824801
10004190,0.0843170288187292
10004193,0.012369132163329272
10004194,0.056795209110950616
10004197,0.23718215501587553
10004204,0.24730028012546812
10004210,0.17084409134977693
10004213,0.016696737988563956
10004216,0.05730567596118994
10004219,0.065147984951559
10004226,0.03856766246538281
10004236,0.017485911830321558
10004238,1.5779495002409372
10004239,0.26880956431655884
10004241,0.01941554855726712
10004248,0.09407288209491828
10004250,0.7801021485698707
10004251,0.03472022404744898
10004255,0.029235814324031748
10004256,0.1342116558737595
10004259,0.0742119031038778
10004260,2.4065566200762105
10004264,1.105235096171671
10004286,0.21009814514276987
10004312,0.33698205946313603
10004327,0.05007299028335504
10004330,0.025412487850218952
10004331,0.025438793326338877
10004339,0.08212224323709497
10004443,1.5148751255744932
10004444,1.8966476172770417
10004446,3.555060280647656
10004447,3.786225797042798
10004449,0.37147245894987796
10004451,0.16189082425811416
10004453,0.1801964304543946
10004475,0.4412031342107685
10004476,1.1416313994889151
10004484,0.18116218955115065
10004496,0.020510848319775163
10004514,0.1303949244323778
10004515,0.13344384639484985
10004517,0.7647711384498032
10004519,0.01936168843061388
10004522,0.12446189375781884
10004527,0.019449673942946187
10004534,0.026933834590450713
10004536,0.17043765821852785
10004555,0.10446540334045692
10004556,0.10801168740197456
10004557,0.10466915086146723
10004558,0.10327726866613092
10004564,0.0328572212457199
10004567,0.881820812855799
10004569,7.283304570994664
10004571,5.138636334914066
10004572,0.09439431537319076
10004573,0.09853214332066991
10004574,0.09864470534728725
10004575,0.09209399813485213
10004576,0.08927883037119397
10004579,0.026576809176635116
10004580,0.026922732090500244
10004585,0.15845827517863068
10004586,0.5379304558891298
10004591,0.021573658800191173
10004592,0.07608459280226207
10004593,0.07463441822876775
10004594,0.07141505112982756
10004595,0.06879469285634657
10004598,0.7553666446040908
10004600,0.08631159112721473
10004606,0.1714808085935259
10004611,0.2290460125338095
10004612,0.05690529522948711
10004614,4.463434416898082
10004615,4.2154986480933765
10004616,5.098653440293591
10004622,3.0703295411453158
10004625,0.024298695477681296
10004627,1.0971841287069597
10004628,1.0439554910604605
10004632,0.0213415885517718
10004639,1.4002746084907638
10004645,0.10933000523428915
10004646,0.10974416852343453
10004647,10.890011538615976
10004649,1.8506364225469492
10004650,3.594236186138409
10004651,0.13763910970639473
10004655,0.11984310737512278
10004656,0.1132150705580315
10004657,0.5485551362858203
10004659,0.10186771433519601
10004660,0.10093228344886895
10004667,3.337191062939923
10004677,2.1674269721792396
10004694,0.020337335586504402
10004712,0.04810805410126908
10004714,0.2621167136943668
10004724,1.2170424736419114
10004732,0.2317154633259552
10004734,0.03074446665785296
10004740,0.09895214770698169
10004741,0.08942997138998202
10004742,0.16331338828177164
10004812,0.019647144782150305
10004895,0.06571107826443036
10004903,0.27791445466209513
10004913,0.195681476714932
10004920,0.14529389048608907
10004921,0.13778719003171502
10004922,0.1177659558371871
10004923,0.1216142849874405
10004928,0.03611585534184546
10004952,2.9336346690247086
10005035,11.070887611294935
10005043,0.015422353765236256
10005044,0.015390383124842142
10005047,0.07725062025754642
10005054,1.1235181687010833
10005113,0.34061005038230924
10005114,0.3223121001828599
10005124,1.8747941503850767
10005130,0.45752905387599185
10005199,0.04712279040134081
10005201,0.031856622064479936
10005208,1.4270638357651029
10005212,0.01642046028339042
10005219,1.6889121631864017
10005227,0.7031071369636748
10005248,0.09300110159757576
10005251,0.06633112864182944
10005252,0.16892554004653743
10005253,0.35392959797565093
10005256,0.061070344644872265
10005261,0.3386937999783884
10005263,0.07324656756102467
10005264,0.048871306449821475
10005267,0.08901904560210663
10005272,0.05474076609687176
10005273,0.04255109334014154
10005275,0.05437148632098072
10005282,0.10451797039686606
10005283,0.08362930026570022
10005290,0.2663682942659249
10005299,0.39067473126293917
10005303,6.782133712436379
10005305,0.09976119910210121
10005319,0.17012282352533617
10005324,0.07665842156142755
10005328,0.12691248661184978
10005362,5.251132245133735
10005378,1.2244315169793518
10005380,4.961229414017591
10005554,0.020181694182959405
10005599,0.24231837490139557
10005600,0.24459691047513715
10005639,0.881022796829556
10005640,0.25201223104600007
10005642,0.01009005432605789
10005694,0.04554306912602386
10005749,2.2477402716242176
10005750,0.02573051360440795
10005784,0.12183021598965783
10005830,17.04816691525911
10005834,0.031001500016484704
10005848,0.16100860167806536
10005849,0.0431111457570604
10005854,0.02364516019389299
10005861,0.2036893502797777
10005862,0.20571370059572933
10005863,0.20969175007082003
10005864,0.20897538167860172
10005865,0.2110017561076205
10005866,0.21715602483233676
10005867,3.8143236570384693
10005871,0.026723179893160552
10005887,0.6891899341399412
10005901,0.11844619001761707
10005902,0.039441154818821864
10005933,7.951555595104339
10005949,0.4927391167084618
10005978,0.07714115094904038
10005985,0.23459017574320545
10005990,0.3536613611729289
10006147,0.1004692826972354
10006148,0.1825676322683085
10006149,0.7532002009685287
10006152,0.04770075306551321
10006153,0.25333957598892304
10006154,0.027518574805808223
10006167,0.1614708053751784
10006168,0.03582701976477913
10006171,0.09881631183360018
10006172,0.09777423332740438
10006173,0.0253186403927946
10006174,0.024614948237413274
10006175,0.02157288092505279
10006176,0.02174697249255951
10006177,0.018728845211152992
10006178,0.0184776717525461
10006179,0.3663707516022825
10006180,0.28840163813101183
10006184,0.25954153762741794
10006185,0.08531893385030363
10006186,11.973859489299683
10006189,0.04067917631814983
10006191,0.06829466395333597
10006192,0.027236411141311572
10006193,0.2389122991684406
10006194,0.4780796263587807
10006195,0.02028952275438203
10006196,0.23098136132374006
10006197,0.22068865202499924
10006198,0.01845657715116075
10006199,0.10112138176059512
10006200,0.09970263689031694
10006201,0.09111890603236268
10006203,0.041804447847627275
10006204,0.5744333478210342
10006205,0.09036149562203942
10006206,0.04428696570370582
10006207,0.04441975711943904
10006208,0.027342241718971486
10006209,0.04121201967265144
10006210,0.49459116781119533
10006211,0.012682707419655034
10006212,1.556679384453849
10006216,0.035437950148171804
10006217,0.1636374704880708
10006218,0.062032077012768944
10006219,0.11326707647901466
10006238,0.06023324394346493
10006239,0.2661638762473889
10006241,0.0482444700763657
10006290,0.05761453205030994
10006298,0.2867972910539633
10006299,0.1698332614838264
10006300,0.024498848596197238
10006304,0.008612060805996597
10006305,0.31311242873072465
10006308,0.2045754253581975
10006309,0.6746641780820509
10006310,5.662199186771778
10006312,0.04868490195806787
10006315,0.06550959263893612
10006322,0.10020746229408771
10006324,0.3224277621512797
10006326,0.05951948594778715
10006327,0.03474316980734206
10006328,0.10092253499868095
10006329,0.09844780548249302
10006330,0.08787655726195791
10006331,0.017153420918171573
10006332,0.024022579816492712
10006333,0.29922358669304444
10006334,0.11001005199840926
10006336,0.6770587756023058
10006337,0.13705259613196216
10006344,0.182708344253616
10006345,1.368281319629958
10006347,0.12062634438579375
10006348,0.09549545461749209
10006350,0.03214833762969631
10006351,1.0793867982115835
10006352,1.042297564048336
10006353,11.246460222722758
10006354,9.767138092436008
10006363,1.34523674405604
10006381,0.16349421701524824
10006382,0.281527354626947
10006383,2.7535947922050847
10006384,0.08369803427501651
10006386,0.029479062816054693
10006387,2.7774542922613117
10006389,3.4025993565722583
10006453,0.7250009607746952
10006505,0.10320970646372296
10006507,0.1210652960097673
10006508,0.03893764866398006
10006509,1.6107568818904605
10006511,0.029982314359719854
10006512,0.12931080386867772
10006513,0.21891191103513935
10006519,0.013363311840734282
10006524,9.57711934413358
10006525,0.05715216526869139
10006526,0.2653874225273138
10006528,0.6723653818104156
10006529,1.288078225469453
10006530,2.2374303393349035
10006531,0.3140293454740786
10006532,0.9262953124147015
10006533,0.07982618938684541
10006534,4.67048932214991
10006535,0.023734638388791012
10006541,0.5701911212984504
10006542,2.0615332856150723
10006544,0.07205159662572912
10006545,0.21925204628531056
10006546,25.71773560326209
10006547,0.7985884474926834
10006549,0.04893560237861608
10006550,1.473439343250751
10006551,0.6186235967466664
10006552,1.0156368235717113
10006553,0.03066294020077584
10006554,0.13088299131028838
10006555,0.06438735072807451
10006556,0.03515709868387149
10006557,0.03088636449447845
10006558,1.4320249154898497
10006559,0.5354075104350899
10006560,1.1412558317185595
10006561,0.7988563950494373
10006562,0.04834601902663814
10006563,0.04629463807149742
10006564,0.6870115851057635
10006567,0.021406060779748565
10006571,0.028164326164222556
10006572,0.016604440462692025
10006573,0.0048107556084029295
10006574,0.0296282737838685
10006575,0.0064525163413730515
10006576,0.02836311698895398
10006580,0.476825994734568
10006581,0.5321129580096932
10006584,0.53940906557109
10006585,0.8416022612897609
10006587,0.11718283638034814
10006588,0.12128968303397807
10006589,2.293440863103501
10006590,0.7763092368212763
10006591,0.25170019088418555
10006592,0.11874975192719958
10006596,0.7630242709552183
10006597,0.7686967912903677
10006598,3.845914572543103
10006600,2.2297379272959814
10006601,0.055967227355110845
10006602,0.14444175664510717
10006604,0.280079858465008
10006605,0.04503548427099896
10006606,0.14367827365067543
10006607,1.3734541461252106
10006608,1.3713591783951673
10006609,0.17540882367014524
10006610,3.8103772093624215
10006611,0.05299372059206826
10006614,1.1101259564329105
10006615,1.4737658035943242
10006616,0.29444053357214334
10006618,10.357701114875582
10006619,0.11711133879771446
10006620,255.9633742682597
10006621,0.28628034275614894
10006622,0.1117437214841385
10006623,1.7232255459219128
10006624,0.1733839656899328
10006633,0.6575975826520348
10006636,0.3117095302414284
10006637,141.83311096801725
10006638,0.20385835094132237
10006641,0.1066246370669869
10006642,0.1752712874295313
10006644,0.10670820751638302
10006654,0.022156476737816896
10006655,0.009852645925768379
10006658,0.022173005798997572
10006659,0.31849520870037085
10006663,0.02824749095026733
10006664,0.7751772986445092
10006666,17.572989833179264
10006667,1.204333962854379
10006670,0.10670169358716937
10006671,0.04490359110576453
10006672,0.07067119817287001
10006678,0.16067309532567406
10006679,0.15957648574752004
10006749,1.0384122160967317
10006837,24.688711844301835
10006945,0.705089974005198
10006946,0.1586538165830685
10006947,0.03661958690925952
10006949,0.4469789948374205
10006951,0.024090136989568602
10006956,0.7663229732148341
10006957,0.05462040522338705
10006960,0.16218942349837678
10006971,0.30695310671690956
10006977,0.5583388735198652
10006979,0.1905087359294459
10006981,0.1851450728526089
10006983,0.2130474868426249
10006988,0.14320056568240577
10006992,0.5665428874745434
10007010,0.09326077609845547
10007011,0.08269722708634009
10007013,0.3086542400853856
10007018,0.025980885248906172
