FACILITYID,mean_ozone
10006642,60.76570701599121
10000729,58.184030532836914
10002616,73.80851745605469
10003486,64.7379379272461
10003455,71.40049362182617
10003460,70.08378219604492
10003488,65.56236775716145
10003483,64.03681564331055
10003472,72.55461883544922
10003479,61.809908866882324
10003464,64.35561943054199
10003465,64.3428560892741
10002617,61.90726375579834
10003453,69.23957824707031
10001701,70.2589340209961
10003447,59.269447326660156
10003461,70.37278747558594
10001699,69.0017318725586
10001080,58.41191736857096
10001082,59.6097354888916
10001091,59.205162048339844
10001090,60.089056968688965
10004024,57.476243336995445
10001574,56.18582725524902
10001936,53.75728225708008
10004134,55.18332290649414
10006305,60.83102226257324
10001925,57.59523391723633
10006956,53.47576141357422
10006957,58.58868408203125
10001590,59.676082611083984
10000356,58.06640434265137
10000187,61.02402687072754
10002941,56.32003688812256
10000186,60.73730545043945
10000205,62.426310539245605
10000257,54.53212356567383
10004143,57.300488789876304
10004146,61.446556091308594
10002998,64.34228006998698
10001866,60.888885498046875
10006614,72.84446716308594
10001980,62.018086751302086
10001794,61.16854476928711
10006308,71.69598134358723
10003800,63.37092590332031
10003014,73.01545333862305
10000258,59.20871353149414
10006328,59.74743398030599
10000630,61.49065653483073
10000409,59.29453659057617
10000525,60.18580754597982
10003138,55.94367599487305
10004903,59.32540702819824
10001068,59.12880833943685
10005599,70.83320426940918
10001518,61.21454429626465
10003135,56.91066551208496
10003202,57.799957275390625
10004005,63.85852559407552
10003175,55.91268253326416
10003144,56.7957878112793
10003145,56.785621643066406
10003227,60.50929641723633
10003124,52.993247985839844
10003196,58.015530586242676
10003200,56.83824157714844
10002298,63.98636372884115
10004018,61.2743288675944
10002305,63.198848724365234
10003996,64.00822257995605
10004002,64.55982462565105
10004004,63.926920572916664
10003993,61.080589294433594
10001512,61.08627192179362
10004003,64.04869842529297
10003990,63.79601287841797
10002723,74.90411376953125
10002281,56.2259152730306
10004241,58.8698616027832
10006598,64.27166748046875
10006600,64.38658142089844
10006601,59.43659210205078
10003160,56.04031944274902
10000754,56.70512262980143
10003235,64.08721160888672
10000763,57.777557373046875
10001496,54.12434005737305
10004921,60.4897346496582
10004923,60.678701400756836
10001504,59.61814498901367
10005600,70.80899429321289
10003140,54.1869265238444
10001065,60.55426788330078
10003141,54.1978874206543
10000528,60.16102981567383
10003128,55.81918716430664
10000745,55.6025644938151
10000744,56.17423725128174
10004895,60.171945571899414
10004920,56.178062438964844
10003131,52.025569915771484
10004256,62.45864295959473
10002290,63.854360580444336
10003127,55.87561289469401
10006608,60.91030502319336
10003757,NA
10003199,60.066956520080566
10003195,58.01451110839844
10003166,58.1057383219401
10003188,56.01604461669922
10003198,59.527520179748535
10003132,52.303428649902344
10003122,54.16136169433594
10003189,55.95156288146973
10006203,NA
10006519,NA
10001054,64.55442810058594
10001060,53.57850646972656
10001075,63.77146625518799
10003152,54.758530934651695
10003149,55.02728780110677
10001072,59.757577896118164
10001071,57.72118663787842
10004712,69.60994148254395
10001051,62.66502857208252
10006382,62.98320770263672
10001059,60.553351402282715
10001052,62.06357765197754
10006545,62.20842361450195
10003204,57.87483882904053
10006198,58.88350009918213
10002713,60.98489570617676
10003197,57.70321273803711
10005554,58.414899826049805
10006616,59.93554178873698
10003146,55.28279781341553
10000752,55.676095962524414
10004928,61.47506904602051
10001816,57.40930430094401
10001547,57.709588368733726
10004121,58.72266387939453
10001586,61.0352897644043
10001582,58.340667724609375
10001578,56.386470794677734
10003268,56.26946258544922
10003327,55.888468424479164
10006658,58.81069755554199
10006663,61.571340560913086
10001096,58.991000175476074
10001077,58.168283462524414
10001087,60.400025367736816
10001099,58.81069755554199
10005639,60.004831314086914
10001100,58.691802978515625
10001856,61.875925064086914
10001853,58.08715057373047
10001852,57.535139083862305
10001078,58.14448165893555
10001863,58.31397819519043
10001076,59.42224311828613
10006541,60.43491744995117
10001089,60.650630950927734
10001862,60.00851821899414
10001861,60.00851821899414
10001093,58.80141830444336
10001871,57.63473892211914
10001869,58.434518814086914
10004286,57.75869369506836
10003073,56.80579090118408
10001597,56.56826210021973
10001232,NA
10003316,62.116434733072914
10000387,56.245260874430336
10005043,57.93421936035156
10000360,59.28695583343506
10000370,58.0278205871582
10001240,NA
10002843,63.13023853302002
10002987,58.969539642333984
10002988,59.9124870300293
10003012,73.63419087727864
10003002,62.978675842285156
10002997,67.3530044555664
10003006,69.15001169840495
10000261,72.70436477661133
10003004,69.41504160563152
10003799,62.02918497721354
10000260,68.93501281738281
10006331,58.398895263671875
10002991,61.807149251302086
10002995,67.55180358886719
10002996,67.37901496887207
10003005,69.77189826965332
10003000,66.84962463378906
10000259,59.820387840270996
10003008,72.818115234375
10005319,69.85853576660156
10005272,53.81874084472656
10005267,61.66540718078613
10005362,66.6834831237793
10005275,59.90993309020996
10000811,79.50970077514648
10000840,88.09941482543945
10000881,66.82952117919922
10000784,70.19149271647136
10002322,78.89811515808105
10000492,61.050646464029946
10004116,53.93205897013346
10002176,61.23559494018555
10006596,57.23579025268555
10006208,59.751630783081055
10004122,59.008670806884766
10006597,57.23579025268555
10000540,60.65580940246582
10006389,60.12028503417969
10003579,61.96600532531738
10001737,57.26299476623535
10006505,66.75616073608398
10000155,65.164398193359375
10006304,60.5881462097168
10001790,60.312355041503906
10001776,62.69649696350098
10006507,59.58190409342448
10006509,75.52749443054199
10002897,62.68139902750651
10001301,56.12408320109049
10006513,56.01479911804199
10000917,59.771385192871094
10001550,59.771385192871094
10000182,58.27928585476346
10001544,55.95111083984375
10000879,67.855560302734375
10004922,60.63307189941406
10005830,59.19881057739258
10001636,61.76424980163574
10001614,60.87259165445963
10006354,59.080841064453125
10006148,63.73540782928467
10002347,69.6803207397461
10001761,63.75627326965332
10002908,60.551422119140625
10001826,67.17333602905273
10001023,61.27438831329346
10001759,57.50072224934896
10004216,61.80909729003906
10004177,64.37184143066406
10004219,61.529191970825195
10001763,60.93217754364014
10001801,62.69093322753906
10001552,59.771385192871094
10004173,62.156471252441406
10004165,61.595998764038086
10001788,58.40351867675781
10004035,59.771385192871094
10001558,61.91596794128418
10001752,56.261075019836426
10000053,58.52000617980957
10002359,59.02313041687012
10003759,NA
10002364,61.24749755859375
10006353,61.91596794128418
10004226,60.60727882385254
10004183,63.395304361979164
10001569,58.17672856648763
10001570,58.193416595458984
10001556,59.69428825378418
10001553,59.15953254699707
10000919,61.55484390258789
10001747,63.70780817667643
10004213,60.270355224609375
10001777,62.048330307006836
10001548,57.70460764567057
10001560,61.92798614501953
10001793,61.68231201171875
10004008,60.77677345275879
10000386,59.12278747558594
10006217,61.208292961120605
10001021,56.8467903137207
10003761,NA
10001559,62.01031366984049
10004174,62.11212158203125
10006201,56.7476749420166
10001546,57.64888286590576
10000918,59.771385192871094
10001745,56.70705032348633
10002600,66.13720321655273
10002560,64.913299560546875
10001543,57.92215156555176
10004153,60.07353210449219
10004040,59.22026443481445
10000251,56.085487365722656
10002367,59.927940368652344
10006216,61.19700050354004
10001567,62.65020561218262
10001542,57.90101623535156
10002361,59.77639198303223
10004740,56.769219398498535
10004027,60.13449478149414
10001566,63.26396083831787
10001564,62.352094650268555
10006584,64.38855361938477
10001231,NA
10000533,59.11201477050781
10000519,61.41107368469238
10004029,59.821163177490234
10004741,58.09108098347982
10004742,58.93855285644531
10006310,81.74456024169922
10006315,58.155405044555664
10006585,60.67394828796387
10004204,66.04342460632324
10004028,57.84343338012695
10006348,60.49596659342448
10000060,56.862908681233726
10000219,61.325819651285805
10002885,66.94661712646484
10004017,61.212775230407715
10000621,65.65266799926758
10000252,58.06888008117676
10002817,63.62615839640299
10000915,58.002685546875
10002510,51.52591323852539
10006547,57.76318486531576
10000990,59.1546630859375
10003592,60.68671703338623
10001697,66.33326530456543
10003047,57.35370063781738
10003591,62.67954635620117
10002589,65.95076370239258
10002579,65.88710594177246
10003572,67.31830978393555
10003950,64.27396774291992
10004573,59.55429935455322
10002556,58.38078308105469
10000417,59.751630783081055
10003587,61.27970218658447
10000445,62.17960866292318
10000507,61.24166297912598
10000405,59.97832361857096
10000474,61.9410031636556
10006329,62.07400417327881
10006334,62.93303680419922
10000980,64.76799392700195
10002152,65.26616668701172
10000025,60.2240104675293
10002223,61.78905995686849
10002230,60.83687400817871
10004586,61.19881820678711
10004598,62.611510276794434
10004627,61.575408935546875
10000335,58.65902582804362
10000426,60.84790802001953
10002301,64.3323860168457
10000429,58.92000198364258
10000017,64.32225131988525
10001448,60.64561080932617
10000509,60.86776224772135
10001437,58.6647834777832
10000737,58.01305866241455
10004649,60.21953582763672
10001443,60.94892247517904
10000413,57.18580627441406
10006168,60.10048039754232
10001713,59.493075688680015
10001958,NA
10001145,56.907667795817055
10001725,59.70008850097656
10004556,67.6683578491211
10004585,60.39622974395752
10000433,58.34366226196289
10000441,60.46739196777344
10001732,65.6525650024414
10006602,62.45634460449219
10001729,60.31938934326172
10001733,65.59449513753255
10003121,59.25362777709961
10001133,59.53093910217285
10002688,58.92636362711588
10001176,57.955549240112305
10000986,63.67503992716471
10001716,61.1065673828125
10003077,62.83598327636719
10001204,65.49198913574219
10001042,64.65496826171875
10003082,58.47819709777832
10001150,56.06441020965576
10000696,63.266347885131836
10001722,61.97027015686035
10001519,61.561598777770996
10002225,63.62160110473633
10004239,55.44619878133138
10002629,69.0447285970052
10002689,55.41810735066732
10003580,65.5224666595459
10003585,60.68866729736328
10003584,61.03970591227213
10003387,61.79794883728027
10000223,61.0391845703125
10000195,63.767906188964844
10001143,57.635720570882164
10000770,60.89911651611328
10000244,61.93356450398763
10000237,63.60563564300537
10000160,59.42157872517904
10000211,61.66959285736084
10000180,59.656698862711586
10003995,64.55107879638672
10000481,64.2769266764323
10001867,60.43491744995117
10004580,59.80845514933268
10000351,64.37422561645508
10001875,55.805344899495445
10000157,69.85950469970703
10001061,53.6013437906901
10001873,63.84273910522461
10000438,60.34272257486979
10001286,66.94315719604492
10000393,59.08351516723633
10001265,64.59218215942383
10001303,55.68320337931315
10000189,60.90127182006836
10003134,57.001434326171875
10003136,55.607187271118164
10002287,55.9204044342041
10003165,57.64042663574219
10003192,56.14443397521973
10003193,55.69855976104736
10003156,54.62622578938802
10003130,52.003644943237305
10001821,64.11005878448486
10004447,58.23090744018555
10001404,54.41192054748535
10001601,56.0800895690918
10003308,60.0174446105957
10001960,64.25083351135254
10002096,54.2884521484375
10000751,54.77307001749674
10000759,61.08021799723307
10000378,58.114006996154785
10002098,56.08900705973307
10003787,63.59922981262207
10003769,59.31957117716471
10003795,63.48428853352865
10001249,61.77937698364258
10000676,61.41029739379883
10004446,58.23090744018555
10001246,60.2125301361084
10003783,62.762451171875
10006611,63.05972385406494
10001279,61.38103675842285
10001401,53.54973793029785
10001408,58.12918217976888
10004444,57.86738586425781
10002101,58.146514892578125
10001393,58.19232940673828
10006576,53.213233947753906
10004449,57.4724006652832
10001392,57.89908218383789
10004451,56.08032989501953
10000282,58.146514892578125
10004443,57.86738586425781
10001396,58.163774490356445
10003864,60.40822792053223
10001235,NA
10001457,63.11781565348307
10006591,59.65153884887695
10002630,63.45929972330729
10003201,56.77958679199219
10000059,60.46098709106445
10000165,79.47673416137695
10003601,59.84925651550293
10003603,54.64559555053711
10003602,60.31394577026367
10006587,59.48759078979492
10006588,54.5907236735026
10006589,58.45526885986328
10006590,58.68767547607422
10006592,54.85186195373535
10000496,61.2237434387207
10002658,54.105506896972656
10001575,55.631263732910156
10003255,55.86505126953125
10002377,58.08074378967285
10001585,61.0352897644043
10003626,53.87030792236328
10006184,53.75728225708008
10000461,61.378417015075684
10001584,61.05461883544922
10003329,60.008803049723305
10001238,NA
10006573,53.91830825805664
10003330,60.09688186645508
10001573,55.59589767456055
10001572,56.0328623453776
10001579,55.99558067321777
10003310,60.30587196350098
10001603,55.889408111572266
10003263,57.73374557495117
10000924,56.035353660583496
10003125,53.06832758585612
10003170,56.79886372884115
10001592,59.49695587158203
10001233,NA
10003320,59.77213668823242
10003333,61.17520332336426
10003278,59.21209716796875
10001589,59.676082611083984
10005834,59.33108329772949
10001581,56.129093170166016
10006218,59.50992393493652
10003289,58.79118220011393
10000925,56.06824207305908
10001593,57.95684814453125
10001594,57.95684814453125
10001591,61.222848892211914
10002380,58.20076942443848
10003284,58.35206731160482
10003256,55.86505126953125
10003247,55.78543472290039
10003253,58.04435729980469
10006672,58.99091339111328
10001241,NA
10003764,NA
10006386,NA
10002108,61.75628185272217
10005201,58.83078098297119
10002142,57.46049880981445
10002861,67.09574508666992
10005378,67.53488667805989
10001384,64.2691167195638
10002800,62.64636993408203
10002801,62.85218048095703
10002872,57.54901250203451
10002860,63.8409366607666
10000269,66.01261138916016
10000274,65.34483795166015
10002913,60.590195973714195
10002914,60.59729766845703
10002701,57.210999488830566
10003116,61.715179443359375
10003075,57.007774353027344
10005949,62.20384979248047
10006977,55.14945602416992
10006979,67.10206985473633
10006981,55.15849304199219
10006983,54.48770523071289
10006988,62.557151794433594
10000092,54.59394836425781
10001915,54.60695457458496
10003076,57.0480899810791
10003066,57.966086069742836
10006992,58.186469078063965
10007010,60.96860122680664
10007011,61.0252742767334
10007013,58.477691650390625
10000264,59.01482899983724
10007018,55.91529655456543
10001364,62.60751152038574
10002506,57.75111198425293
10003068,57.94246292114258
10003616,62.16698741912842
10000253,58.397813161214195
10000874,68.23591613769531
10005124,60.515045166015625
10004659,66.75616073608398
10004660,67.3239974975586
10004592,62.06672191619873
10004593,61.88728713989258
10006179,73.10715993245442
10006180,73.03577168782552
10003846,63.44030952453613
10006194,77.02640533447266
10003978,68.2740535736084
10004622,63.711004892985024
10000278,63.308223724365234
10001957,62.91580390930176
10000132,60.71938705444336
10001223,58.85921096801758
10001214,60.641427993774414
10001954,58.39793395996094
10000129,60.46499252319336
10000140,60.706804275512695
10000149,62.98993492126465
10003698,61.89679718017578
10000142,56.35464668273926
10001226,56.56622505187988
10001209,62.163352966308594
10003721,58.46885299682617
10003728,60.24587631225586
10000150,67.20945358276367
10000146,67.67183939615886
10001199,57.86257553100586
10001216,59.64476648966471
10001197,57.73865509033203
10001222,61.12054920196533
10001221,61.110294342041016
10003710,60.706443786621094
10006241,59.77280044555664
10000355,64.8869743347168
10000143,58.28955078125
10000144,57.62691020965576
10001345,54.630794525146484
10000999,62.509568532307945
10002605,65.833953857421875
10004118,57.23926671346029
10002564,61.339820861816406
10003083,59.42941411336263
10003084,59.40180587768555
10003067,57.91883977254232
10006670,59.77476119995117
10006524,60.84925842285156
10000079,58.70391972859701
10000085,57.61505381266276
10001005,67.96825408935547
10000267,66.24744033813477
10000075,63.07617696126302
10000076,61.901512145996094
10000088,57.62851905822754
10001004,64.6578140258789
10001009,65.26807912190755
10000993,60.533260345458984
10001007,63.532283782958984
10000070,60.15412902832031
10006381,58.72167778015137
10001696,66.25815963745117
10000995,61.00201988220215
10001361,61.78097279866537
10002608,68.6739673614502
10000066,61.836771647135414
10000069,60.17925771077474
10000083,62.54570515950521
10002537,59.01219940185547
10002591,60.73478317260742
10002613,70.28276824951172
10002606,68.27095031738281
10000087,58.692474365234375
10000081,58.61062367757162
10000080,58.673373222351074
10001382,69.50825309753418
10006526,58.692474365234375
10006529,62.46362495422363
10002300,64.3323860168457
10000065,62.11923027038574
10003229,62.97887992858887
10001909,65.03230539957683
10000262,61.319637298583984
10001906,64.27095031738281
10001910,57.54774729410807
10000078,58.497676849365234
10006525,58.342769622802734
10000941,60.4445743560791
10003233,60.8788808186849
10002066,60.01130803426107
10006604,58.88715744018555
10000994,60.75645065307617
10001324,61.12726974487305
10001330,59.09815216064453
10006528,65.65236282348633
10003208,63.75926399230957
10006605,60.40547561645508
10001318,55.26368713378906
10001588,59.43897374471029
10006384,64.50006866455078
10003331,58.03409957885742
10001598,56.0800895690918
10003324,56.0800895690918
10006606,59.95891571044922
10000615,68.28970554896763
10006607,61.953529357910156
10000923,56.381229400634766
10000632,65.4209197998047
10000600,69.79046249389648
10003262,57.73374557495117
10001583,59.80246098836263
10006609,58.992515563964844
10003976,67.88529586791992
10003307,62.0389518737793
10006619,58.85305595397949
10002964,55.783294677734375
10004019,62.11961364746094
10003203,57.799957275390625
10006620,60.74550247192383
10003598,55.79690361022949
10006621,57.0105562210083
10006622,56.54560852050781
10002469,47.11907196044922
10002980,54.62660026550293
10003213,61.612894694010414
10000762,57.01157887776693
10002463,47.524478912353516
10001684,50.72919464111328
10001687,55.658965301513675
10001748,63.74918270111084
10001677,60.4423713684082
10001520,62.143486976623535
10006175,53.91280555725098
10006196,67.86044820149739
10006176,53.91183662414551
10006219,59.33236312866211
10000159,58.57891082763672
10006749,59.823368072509766
10001690,55.80788993835449
10001760,63.57404581705729
10001633,59.56314341227213
10001320,55.87105083465576
10003017,52.15947469075521
10004168,63.683942794799805
10006837,60.487457275390625
10004023,57.389418284098305
10001678,49.369144439697266
10004095,60.26578617095947
10002488,54.63418769836426
10000987,54.320353190104164
10002491,54.1696891784668
10001807,59.79487965901693
10002479,48.12530517578125
10001676,49.188681284586586
10002455,50.011844635009766
10001681,50.30839538574219
10001679,51.24658457438151
10002440,47.292179107666016
10002460,59.260440826416016
10002459,59.494850158691406
10002470,47.595985412597656
10002493,55.78010559082031
10005990,53.59823226928711
10000281,57.89908218383789
10002472,47.51056671142578
10002505,60.08468246459961
10002476,55.717909812927246
10002497,55.098045349121094
10002500,49.55963706970215
10002485,54.351430892944336
10000094,54.365434646606445
10000981,64.51665496826172
10000095,54.51897430419922
10001914,54.61018371582031
10001913,53.673248291015625
10001116,54.29279136657715
10002436,69.1500473022461
10003780,61.74623489379883
10001918,54.5849494934082
10006666,54.51363754272461
10006667,57.39049530029297
10003794,63.537376403808594
10001244,62.343512217203774
10003775,66.53398513793945
10003774,66.37875747680664
10003773,66.39509773254395
10000613,65.21936988830566
10000830,81.58429908752441
10000580,63.069070180257164
10004645,59.7637825012207
10003385,62.76803970336914
10002097,56.01687240600586
10001749,64.46184921264648
10002558,58.86902046203613
10000191,62.78350639343262
10002638,61.07071431477865
10001974,58.4580020904541
10002640,62.57958793640137
10001975,58.23899555206299
10001787,60.712677001953125
10001750,64.3856430053711
10004159,62.10459327697754
10004157,60.75177001953125
10002531,59.423543294270836
10001775,61.8786735534668
10000954,58.15346717834473
10002656,59.983612060546875
10001025,62.13493855794271
10004193,57.741196950276695
10000624,63.565725326538086
10001865,60.534915924072266
10002569,65.99220657348633
10006298,62.28085517883301
10000601,70.8395938873291
10004197,61.83842849731445
10000627,63.34501838684082
10001860,59.373958587646484
10003614,62.16698741912842
10003615,62.19746653238932
10003392,64.72333908081055
10000141,62.47961298624674
10003069,56.67595672607422
10003070,56.670753479003906
10003578,68.21721903483073
10001027,60.566152572631836
10001770,60.612887382507324
10000892,71.542572021484375
10000867,62.41726303100586
10006542,60.00851821899414
10000579,63.18049430847168
10000581,63.26926803588867
10001727,66.4741096496582
10001728,66.190155029296875
10002206,65.40638987223308
10001754,60.61395263671875
10005114,59.933223724365234
10001095,59.397897720336914
10004952,59.383413314819336
10001782,60.49830881754557
10005694,59.88444391886393
10006173,55.70095570882162
10000991,60.074148178100586
10006174,55.57644176483154
10006193,63.402520497639976
10006299,62.60621929168701
10000582,63.16338920593262
10000935,67.55744934082031
10000338,58.3199717203776
10000550,60.89035606384277
10000456,61.87337875366211
10000136,59.85669072469076
10002565,60.78006553649902
10006171,55.144537607828774
10006172,58.23065185546875
10006238,60.1425412495931
10001771,62.20260429382324
10000683,62.48888651529948
10000603,70.86668395996094
10000163,69.36651229858398
10000833,81.45153045654297
10001778,60.65377235412598
10000831,81.50574111938477
10001784,61.954806327819824
10000660,60.51923370361328
10000832,81.45071029663086
10000863,62.439290046691895
10000685,65.85369491577148
10004714,61.77841059366862
10004724,65.85369491577148
10000330,58.4004487991333
10000375,59.64704132080078
10000639,63.05145136515299
10000183,62.59039115905762
10003386,62.87269401550293
10000116,61.654266357421875
10001799,58.899014472961426
10006309,59.01261615753174
10000275,68.41996510823567
10006512,68.5625114440918
10000542,60.86726093292236
10001040,58.91277949015299
10000712,57.381235122680664
10001028,56.58123207092285
10004812,58.878824869791664
10003376,60.8597780863444
10003148,55.22722244262695
10000713,57.37076759338379
10001346,57.46052551269531
10001362,61.74512227376302
10002416,65.50729624430339
10000967,58.33529186248779
10002084,54.64908218383789
10002095,54.2884521484375
10003378,60.8895149230957
10000099,57.212640126546226
10000948,58.64518737792969
10002088,61.71117877960205
10001125,60.82597541809082
10000226,60.2768611907959
10003826,72.92452494303386
10000172,62.17346318562826
10006945,61.410194396972656
10006946,61.26321220397949
10000277,63.44795354207357
10001387,67.39846229553223
10006947,56.82320976257324
10006949,54.880836486816406
10000272,62.685473124186196
10004034,59.771385192871094
10001389,61.46441523234049
10001366,70.2410659790039
10003444,60.246734619140625
10001342,50.21766916910807
10006546,59.771385192871094
10006951,55.64723777770996
10003834,62.59537124633789
10001135,59.738996505737305
10001435,68.2464485168457
10006960,58.88285827636719
10001484,58.264705657958984
10003824,73.09939829508464
10001341,59.950767517089844
10001347,57.87679100036621
10006971,57.96855926513672
10001386,63.462388038635254
10003167,58.105268478393555
10001283,63.44665018717448
10002330,70.21396382649739
10000273,62.66449546813965
10001357,63.1468874613444
10001989,63.59109592437744
10004594,62.06594181060791
10003607,54.58224678039551
10004595,62.06594181060791
10004647,61.702731132507324
10000605,62.20922622680664
10000606,67.40125359429254
10001979,61.90707778930664
10001134,59.938133239746094
10002245,71.32562828063965
10005863,71.74253845214844
10004632,61.41395568847656
10002249,64.80692291259766
10000984,66.09566752115886
10002248,65.45189476013184
10000598,65.998748779296875
10000628,63.36628341674805
10000595,67.3625431060791
10000622,76.43654937744141
10000618,68.12671661376953
10003348,64.845306396484375
10003389,65.25176239013672
10003342,63.407483418782554
10003957,68.86084938049316
10006312,67.94075012207031
10005784,65.63126373291016
10003413,68.2353515625
10000626,63.324859619140625
10002244,73.21923065185547
10006610,62.5450553894043
10003973,65.77032852172852
10003974,65.82867050170898
10000188,60.906253814697266
10002246,71.86966705322266
10002247,71.96654510498047
10000826,69.48841285705566
10000852,77.8696517944336
10000836,88.28243103027344
10002341,86.44435119628906
10002345,60.73832321166992
10000794,75.91763814290364
10002692,57.12890497843424
10001293,58.44608116149902
10001001,65.65159797668457
10000992,64.62015024820964
10000998,64.71759796142578
10001003,64.9111328125
10000785,65.05824661254883
10000824,73.33571815490723
10006185,64.12187004089355
10000825,73.5904296875
10003424,67.3526554107666
10003356,61.36137771606445
10003412,67.75614674886067
10003414,68.84868621826172
10000976,61.43234729766846
10000801,78.93376922607422
10003377,60.8895149230957
10002571,65.08648935953777
10001002,60.222060203552246
10002323,65.16262245178223
10003415,58.14903132120768
10002346,75.3113510131836
10002607,68.68690490722656
10001000,66.31590270996094
10003425,67.34961191813152
10002353,80.27110862731934
10002431,65.13749186197917
10002570,65.926544189453125
10001008,66.1649398803711
10003350,70.65973409016927
10003362,62.468990325927734
10003363,62.31350612640381
10003432,70.06517219543457
10003419,65.97031021118164
10003398,64.86035537719727
10003365,63.64727592468262
10005978,59.808730125427246
10005985,61.17076619466146
10003411,67.67579460144043
10003390,65.43122100830078
10003381,59.338008880615234
10000841,74.29229164123535
10000972,67.08382415771484
10003423,66.28746795654297
10002522,57.97467613220215
10000953,58.154038747151695
10002517,54.352155685424805
10000988,59.62323188781738
10000844,74.35419464111328
10002568,65.9536616007487
10006671,59.4190616607666
10001177,59.57145690917969
10002803,61.06174850463867
10006544,64.33550643920898
10002309,48.51662540435791
10006530,78.96647644042969
10000810,68.88218180338542
10000869,64.68399429321289
10001183,64.30352210998535
10000847,78.70096778869629
10000802,78.83167457580566
10003405,62.530344009399414
10000821,63.43638229370117
10005251,59.34969520568848
10006347,61.28376483917236
10005248,63.43708419799805
10000771,46.70158386230469
10002428,62.33390680948893
10002432,64.92385711669922
10003433,70.0370101928711
10000902,79.01981608072917
10000905,73.73828887939453
10000822,62.2507438659668
10000858,72.532928466796875
10000904,88.95072937011719
10003357,61.48137092590332
10000982,68.71248245239258
10006623,70.24238586425781
10001949,56.445411682128906
10005290,78.30126953125
10005252,48.526816050211586
10003397,64.67654609680176
10005253,42.29230499267578
10003372,66.70865631103516
10000014,55.776346842447914
10005263,61.54531288146973
10005305,75.27341079711914
10000013,58.06173960367838
10006624,66.70865631103516
10005264,69.5893325805664
10005324,76.5864143371582
10006204,78.53253682454427
10000856,85.11613082885742
10000878,36.45161724090576
10000774,59.98132133483887
10000901,80.969146728515625
10000814,65.70599174499512
10000786,64.2910639444987
10000789,72.49053955078125
10002349,77.59402084350586
10001261,74.92856979370117
10006186,64.94823455810547
10001522,72.21371078491211
10002310,61.60467783610026
10006531,69.0579891204834
10006532,62.05836868286133
10000793,70.91778182983398
10005328,102.45552062988281
10000050,59.49551773071289
10000010,57.5576114654541
10002340,81.74456024169922
10003475,64.35281753540039
10005299,70.56749979654948
10005256,60.74855422973633
10000877,78.1366195678711
10003349,65.51825332641602
10000756,55.26498603820801
10002923,56.77212397257487
10000782,69.86651229858398
10003911,64.11234537760417
10006571,53.213233947753906
10000564,76.23097229003906
10001154,57.329673767089844
10006581,52.831504821777344
10003629,53.06665802001953
10001708,65.25030136108398
10006326,57.75876108805338
10006327,58.556819915771484
10005212,57.804815928141274
10004572,59.57254695892334
10000332,58.40826161702474
10000361,59.209190368652344
10000357,58.08383305867513
10000391,58.04658508300781
10004558,64.26007080078125
10000403,58.29291915893555
10000382,58.68927574157715
10000410,59.22099685668945
10000420,59.7575626373291
10000416,59.82566738128662
10000518,61.41107368469238
10000665,60.79796600341797
10006210,63.128652572631836
10000647,67.47087860107422
10000667,58.45980262756348
10000636,63.4207763671875
10002259,61.86280822753906
10001786,61.614267349243164
10000695,63.20021438598633
10000652,63.83578872680664
10004734,63.266347885131836
10006508,65.01720428466797
10000693,62.33379650115967
10002258,59.602943420410156
10004732,62.87319755554199
10000677,61.78576946258545
10000638,64.21797561645508
10000457,61.05867385864258
10000635,63.42087173461914
10000662,59.665998458862305
10000455,60.97752571105957
10000669,65.86883036295573
10000646,65.63714981079102
10000674,62.95419502258301
10000687,66.23601913452148
10000682,60.10417556762695
10000664,60.82365926106771
10004677,61.79716110229492
10006351,67.47992324829102
10000657,63.177162170410156
10000688,64.29367574055989
10000672,59.6346435546875
10006352,67.47992324829102
10000673,60.542245864868164
10004667,63.28631019592285
10000641,63.61262321472168
10004694,58.64584477742513
10006147,60.64890098571777
10003542,65.00164604187012
10001718,66.271942138671875
10006654,59.73807334899902
10000263,58.9739294052124
10006383,63.68849182128906
10001337,60.91328811645508
10001325,63.131649017333984
10001331,59.2960090637207
10001322,59.77064323425293
10001333,61.432211558024086
10006211,52.042877197265625
10001319,51.763845443725586
10006549,58.359453201293945
10001062,53.52298355102539
10001073,62.244571685791016
10001067,58.37321853637695
10000479,62.946119944254555
10001450,60.73356374104818
10003934,58.17797342936198
10004913,56.366495768229164
10000316,57.5348424911499
10000320,56.23329086303711
10000317,57.52268409729004
10006655,57.573856353759766
10006153,59.849480946858726
10004475,58.37894058227539
10000325,58.333740234375
10002129,59.91036605834961
10001421,63.94796276092529
10002146,57.6958122253418
10002134,65.21612040201823
10002138,58.972628593444824
10002144,57.21374384562174
10006154,59.10044574737549
10004496,56.32785415649414
10000298,66.8415756225586
10002141,55.57907740275065
10000297,58.58263651529948
10000284,59.763570149739586
10001415,72.3646354675293
10006453,56.96157646179199
10000303,57.470513661702476
10000323,59.44832992553711
10005199,55.863494873046875
10002137,58.524176279703774
10001423,65.71223831176758
10001414,72.3646354675293
10006322,59.805067698160805
10000304,61.15519714355469
10004515,55.51568794250488
10000309,55.590938568115234
10000307,58.944419860839844
10000310,55.59125518798828
10000328,58.9998893737793
10001432,59.495338439941406
10002147,57.31227493286133
10000283,61.37703196207682
10002126,56.89541498819987
10004453,59.413373947143555
10000318,57.823944091796875
10004514,55.51568794250488
10002135,60.53303909301758
10004517,55.70194625854492
10004476,60.13926696777344
10000295,71.357147216796875
10004522,59.510250091552734
10003891,60.52013969421387
10002140,58.15632629394531
10003900,61.59457969665527
10003878,62.02578926086426
10003943,58.602325439453125
10000293,72.69520823160808
10001424,64.9144287109375
10002118,70.08519744873047
10002115,74.30347442626953
10004484,57.8147824605306
10004260,63.661869049072266
10000312,56.62513732910156
10000838,92.44781112670898
10006344,66.7302017211914
10004251,58.50527572631836
10002192,68.520416259765625
10006567,61.155984242757164
10004248,61.41442718505859
10000508,60.8352902730306
10004170,60.16049385070801
10002633,57.342634201049805
10000337,58.69251346588135
10000388,56.258514404296875
10001766,61.84165700276693
10001798,59.89537811279297
10002174,59.34272384643555
10002177,61.24451700846354
10004614,64.95074462890625
10004194,61.73736445109049
10006534,64.95074462890625
10001769,60.331597328186035
10004210,60.804351806640625
10002657,54.105506896972656
10000485,64.31899833679199
10001797,62.99912071228027
10004190,62.33433405558268
10000442,60.39317830403646
10000459,60.0301456451416
10004651,60.85829162597656
10003507,60.741241455078125
10004625,60.89610195159912
10000498,60.900160471598305
10006535,60.87527160644531
10001709,65.38222694396973
10000463,61.42941665649414
10000515,61.459425608317055
10002184,60.098276138305664
10002182,62.98442077636719
10001705,65.21963755289714
10002157,62.84954071044922
10000390,56.26503944396973
10001014,60.0369815826416
10000363,60.69755840301514
10001720,66.65814971923828
10000345,68.30552291870117
10000374,58.699655532836914
10004569,61.13302040100098
10004567,60.49119758605957
10000450,61.84675979614258
10003496,60.11106777191162
10006330,62.03356742858887
10000400,60.62502098083496
10001454,61.77070617675781
10001711,62.318257649739586
10004639,60.97413444519043
10004606,61.2417049407959
10004650,59.55375671386719
10003538,58.497552235921226
10000480,63.86354192097982
10004611,63.97548484802246
10002178,62.949153900146484
10006324,60.63216209411621
10004612,62.49738311767578
10001459,61.41107368469238
10006664,62.37786865234375
10001717,60.97945912679037
10003515,63.02875328063965
10003546,62.61902046203613
10006332,61.20556894938151
10001015,58.54411951700846
10004656,60.69034385681152
10002716,64.88890838623047
10001978,61.30664825439453
10000190,59.943132400512695
10001969,71.78194427490234
10000247,60.534140268961586
10001984,61.730159759521484
10000243,59.85442638397217
10000154,65.76747512817383
10002726,65.1401481628418
10002905,61.34921932220459
10002920,59.53014373779297
10000151,58.069308280944824
10000174,59.54360580444336
10000246,62.377943674723305
10000197,61.12930202484131
10002893,66.63761393229167
10000198,61.07306480407715
10002784,62.09832763671875
10002822,61.0730562210083
10000212,61.235413551330566
10000215,60.973381996154785
10000206,61.19914093017578
10002714,60.98489570617676
10000200,57.34272766113281
10002917,59.99754810333252
10002916,60.07720756530762
10002857,64.67768732706706
10002928,59.334014892578125
10000204,60.203688303629555
10000213,61.61657206217448
10000184,61.25233173370361
10002835,61.56609853108724
10000216,61.94760767618815
10002799,61.37568283081055
10002845,62.69140911102295
10000224,62.73507817586263
10002827,61.33191680908203
10002791,62.3382625579834
10000209,61.29010899861654
10005130,66.36870193481445
10000196,63.79535675048828
10000210,61.52514457702637
10002755,62.89207649230957
10000234,66.4594783782959
10002886,66.6017951965332
10000161,62.47686958312988
10000152,60.946285247802734
10001966,60.96531105041504
10000228,62.33293914794922
10002858,65.24650573730469
10000208,62.523460388183594
10002876,61.54132556915283
10002862,64.5919418334961
10000203,58.74708048502604
10002828,60.58837636311849
10000248,60.012694358825684
10000176,60.768927574157715
10000122,61.20476722717285
10000120,63.789581298828125
10000103,66.53891944885254
10000101,66.52750778198242
10000111,61.143301010131836
10000118,60.55430221557617
10000119,60.41713333129883
10005208,57.398006439208984
10003951,63.29471206665039
10006345,60.110182762145996
10000560,65.24046325683594
10002226,63.55732981363932
10000578,63.03360366821289
10000385,59.22762552897135
10005261,64.451812744140625
10000773,61.5668420791626
10000799,71.32341003417969
10001530,80.96020698547363
10000428,58.94707260131836
10000056,56.16641362508138
10000384,59.205885887145996
10000394,59.09397761027018
10000414,59.04682922363281
10000381,58.73588466644287
10006189,57.81468963623047
10000430,60.79482841491699
10000418,59.75882148742676
10000419,59.74392604827881
10006206,59.96868896484375
10000444,62.170178731282554
10000055,60.49062442779541
10000057,61.30713367462158
10005642,55.209028244018555
10005640,55.407602310180664
10006207,59.96868896484375
10001218,62.19643211364746
10006195,56.221004486083984
10004094,66.3774917602539
10000963,65.66520690917969
10005933,69.02687581380208
10000949,58.70378303527832
10000327,59.3413340250651
10006511,59.30581092834473
10000292,72.13490041097005
10000329,58.98928737640381
10004574,59.57254695892334
10000460,59.58668899536133
10002175,59.41968822479248
10000504,60.510361989339195
10006167,60.49612522125244
10000494,61.01487159729004
10000465,60.36465708414713
10000453,65.56425628662109
10000437,60.37970225016276
10000440,60.561808586120605
10000473,61.83089351654053
10004139,59.80250358581543
10004126,60.95784378051758
10004137,59.74577331542969
10004138,59.74128246307373
10001738,56.91181945800781
10004127,60.60065841674805
10001739,59.468400955200195
10004125,60.73271179199219
10001742,57.33106517791748
10001743,55.72104263305664
10000467,61.09542369842529
10004140,56.59208869934082
10002187,59.89735412597656
10000546,59.2186164855957
10004646,59.7637825012207
10000512,59.651625633239746
10000679,66.00785064697266
10000680,66.10154469807942
10000658,63.25802993774414
10000659,63.49835777282715
10000694,62.87021255493164
10000633,65.06108093261719
10000308,55.572086334228516
10006659,56.81978988647461
10001470,62.4002685546875
10000642,65.24768676757813
10000315,57.33157444000244
10004527,57.060020446777344
10000545,59.20452117919922
10000510,60.309814453125
10000495,61.209295654296874
10000653,59.52304744720459
10000547,60.04318428039551
10000548,60.074785232543945
10003928,60.4681453704834
10002121,70.06861114501953
10000314,57.192928314208984
10000313,56.38879203796387
10000100,57.505624771118164
10001162,51.29671669006348
10001165,57.22882843017578
10001163,57.62201054890951
10005035,54.956119537353516
10001977,61.92255401611328
10002957,52.846797943115234
10002105,62.69409370422363
10002106,62.72755718231201
10006350,63.25409698486328
10000689,63.583412170410156
10000220,61.200161933898926
10006300,60.13338756561279
10000225,61.369180043538414
10000790,59.9380407333374
10000817,62.745854187011716
10000644,60.58332061767578
10001146,55.30616760253906
10005273,53.38755989074707
10005113,60.07419681549072
10000780,78.52855428059895
10000671,60.4602165222168
10006149,65.48521931966145
10000928,65.70690155029297
10000926,67.19026947021484
10006209,65.89185333251953
10000857,85.45076560974121
10000861,75.06518936157227
10000655,63.128652572631836
10000678,61.15279897054037
10000407,60.466379165649414
10000319,56.286720275878906
10006239,75.1480484008789
10000285,75.00308990478516
10004536,58.37238883972168
10002102,60.938199043273926
10001411,73.1948013305664
10001426,61.28331756591797
10001158,52.78568649291992
10001156,53.91390037536621
10006580,53.91390037536621
10000720,58.13850784301758
10002759,63.941978454589844
10001990,63.4773063659668
10001605,65.13021087646484
10000402,58.31535053253174
10003624,54.762556076049805
10001933,55.38520622253418
10001155,52.531959533691406
10003625,54.421695709228516
10006572,54.421695709228516
10006574,53.1535530090332
10006575,52.8954963684082
10001972,79.69384765625
10005282,57.39497089385986
10002693,57.050926208496094
10000084,62.574201583862305
10000062,60.70630073547363
10002139,58.2221794128418
10000302,64.90691884358723
10000761,56.59576161702474
10000573,68.59329732259114
10000576,63.2770414352417
10006177,59.09621620178223
10006178,59.43409538269043
10000587,60.912407875061035
10000593,60.33351707458496
10000554,61.45033645629883
10002221,61.7324275970459
10000004,59.59002685546875
10000044,59.656959533691406
10002207,66.32608286539714
10002204,62.72360610961914
10002217,62.38456726074219
10000572,62.26552708943685
10002228,61.042524337768555
10002227,63.70013999938965
10003209,62.93885803222656
10003468,60.30287170410156
10006533,67.55208333333333
10006615,56.78978729248047
10001184,64.44722747802734
10004339,64.27153778076172
10001186,57.15340995788574
10001182,64.36030578613281
10001181,64.35591634114583
10001185,64.53652572631836
10001173,54.11730194091797
10001172,53.22039985656738
10001187,58.072479248046875
10000934,65.3441645304362
10000927,64.07265218098958
10000937,65.2869873046875
10000955,59.7630500793457
10000939,65.33921813964844
10001489,56.41526985168457
10000931,59.914506912231445
10004089,59.80479431152344
10000933,59.94962692260742
10000929,65.709442138671875
10006618,61.4534797668457
10000765,58.16818491617838
10002400,67.38547897338867
10000772,64.34249623616536
10002399,62.66947364807129
10005380,65.58307647705078
10002401,68.82305908203125
10002348,70.80573463439941
10001931,56.52079772949219
10000960,64.65698051452637
10002398,66.9786605834961
10002395,63.47872543334961
10002396,63.47872543334961
10002397,63.05496597290039
10000796,71.56336975097656
10005283,74.26031112670898
10000704,60.555641174316406
10000699,62.720863342285156
10000041,59.55522918701172
10003147,55.2168083190918
10000705,60.66489791870117
10006200,56.77040100097656
10000037,60.79802322387695
10000706,59.6620839436849
10000707,59.72761917114258
10000701,63.35666084289551
10002260,63.27522277832031
10002261,60.69421195983887
10006152,58.4646520614624
10002262,60.6692008972168
10000002,63.48736699422201
10000006,56.74693044026693
10006199,56.77040100097656
10000043,59.62434005737305
10000023,55.79143810272217
10000887,62.31993579864502
10000974,66.88229115804036
10000806,77.29490280151367
10000871,68.23591613769531
10005219,63.64020919799805
10001106,55.988237380981445
10001108,59.1656379699707
10006387,63.30434036254883
10000028,57.56033897399902
10003595,57.018951416015625
10000336,58.7405891418457
10006197,60.26578617095947
10001879,60.27151743570963
10006191,64.06552505493164
10001102,55.78474553426107
10001445,61.86635398864746
10000042,60.73655319213867
10006192,56.423789978027344
10000033,65.086456298828125
10002153,65.31957626342773
10006205,67.03523763020833
10000422,57.82763385772705
10000412,56.175665537516274
10000411,56.22701517740885
10000369,57.76406192779541
10000333,58.445699055989586
10001126,60.99611854553223
10000334,58.626057624816895
10000392,58.0740909576416
10000365,58.298399925231934
10000368,58.38444709777832
10004576,60.50167465209961
10004557,64.26763153076172
10000339,67.65349578857422
10004555,67.43405342102051
10004575,60.47152582804362
10000395,58.88727569580078
10000396,59.08351516723633
10000968,60.2764040629069
10000956,59.69007682800293
10000561,65.2471211751302
10000567,63.403228759765625
10000864,62.44717661539713
10000563,76.02703094482422
10000569,62.599100748697914
10000577,63.65710639953613
10000557,60.918809254964195
10000586,61.09466552734375
10000575,63.643232345581055
10000588,60.83687400817871
10002233,58.649818420410156
10000432,58.34366226196289
10004579,59.82179514567057
10000585,60.1305783589681
10002210,65.67547607421875
10005303,70.39837837219238
10000562,66.65111541748047
10002136,60.4767214457194
10004519,58.88963317871094
10004534,57.29807376861572
10000123,NA
10000128,NA
10003694,NA
10003691,NA
10003692,NA
10000127,NA
10001191,NA
10000124,NA
10000126,NA
10001180,64.24041366577148
10001063,57.13890266418457
10000464,61.05435752868652
10000471,61.10388692220052
10006333,60.70319366455078
10003948,64.30210494995117
10002164,61.872144063313804
10002165,61.964417457580566
10006336,59.184814453125
10000531,57.83693218231201
10004571,61.70712916056315
10000435,59.21497344970703
10004657,58.99366887410482
10001460,62.463470458984375
10000478,62.940057118733726
10004628,61.575408935546875
10000448,61.99130821228027
10000472,62.41164588928223
10004600,60.998878479003906
10004615,64.95074462890625
10000353,64.44091542561848
10004591,60.06543445587158
10004655,59.19417381286621
10000449,61.99130821228027
10006337,60.607662200927734
10000350,67.792755126953125
10004616,64.99360656738281
10004564,58.6235466003418
10006564,59.11845270792643
10005901,60.34020233154297
10005861,71.7884635925293
10005849,65.67972373962402
10005871,59.25375556945801
10004043,58.94110107421875
10001632,58.56684112548828
10001609,62.46259117126465
10002405,63.24333699544271
10004068,59.173797607421875
10001624,64.97483571370442
10001616,62.49257278442383
10001622,61.11474736531576
10001618,62.637332916259766
10001608,62.364810943603516
10004065,67.62280654907227
10001631,67.3060417175293
10001617,62.64520454406738
10001626,63.073296864827476
10001606,59.56456756591797
10000942,60.686439514160156
10001612,62.0612424214681
10001615,60.254510243733726
10006550,62.114173889160156
10006551,59.66537094116211
10006552,67.33857345581055
10006554,59.837398529052734
10006553,59.76860237121582
10006555,62.64520454406738
10004060,66.40532938639323
10006556,66.50243186950684
10005902,57.372904459635414
10004053,62.57926940917969
10006557,56.821895599365234
10004062,65.06677627563477
10005867,66.74100875854492
10006558,62.10389200846354
10006559,62.61374473571777
10005866,71.74253845214844
10005862,71.7884635925293
10005854,62.13271713256836
10006560,59.723899841308594
10006561,63.8308219909668
10004044,61.3634147644043
10006562,58.696895599365234
10001621,62.6722297668457
10005848,64.06267356872559
10004070,59.4731814066569
10006563,59.51181411743164
10005864,71.74253845214844
10005865,71.74253845214844
10004050,59.82033920288086
10005887,59.2249641418457
10001811,58.84055805206299
10001820,60.85785166422526
10001815,62.86291249593099
10004250,63.02990913391113
10004259,64.43188985188802
10004236,58.28413391113281
10004238,58.65448570251465
10004264,72.982666015625
10001812,58.867363929748535
10004255,61.95662155151367
10001804,62.30975468953451
10006212,71.7039566040039
10000109,64.33830261230469
10006637,62.54079246520996
10001170,62.41510772705078
10001940,62.443543434143066
10001941,62.55073356628418
10003652,64.16619110107422
10003662,62.78579330444336
10004330,60.42793369293213
10004331,60.452379862467446
10003650,64.21713924407959
10000110,61.58606465657552
10000117,62.00556945800781
10000121,63.508288065592446
10000106,64.11266962687175
10000107,60.163360595703125
10000102,66.70988845825195
10005047,60.03744125366211
10004327,59.16950480143229
10005054,62.03289222717285
10004312,59.42908763885498
10003639,63.92177073160807
10003645,63.01309108734131
10003638,69.02826309204102
10003651,64.25498708089192
10003680,64.15997695922852
10001944,62.228431701660156
10003678,58.76975059509277
10005044,57.94512939453125
10002729,57.984557151794434
10002725,65.28763580322266
10000194,63.72257137298584
10001275,63.76044845581055
10001274,63.79671732584635
10001967,65.73744201660156
10000238,63.59376017252604
10002838,61.40263652801514
10002844,62.933326721191406
10000185,61.3478151957194
10000242,62.14259465535482
10000156,59.85075759887695
10000175,60.710025787353516
10000199,60.94197463989258
10002802,61.39305877685547
10000245,60.17642084757487
10002940,56.36104202270508
10002792,62.46551990509033
10002758,58.203084309895836
10002900,60.45350011189779
10000229,65.06880340576171
10000178,62.75732294718424
10002731,59.97726694742838
10001050,66.20652770996094
10001029,67.68553924560547
10001044,65.20639228820801
10006290,57.18051528930664
10001045,65.26531410217285
10001043,64.57769012451172
10001031,66.81912485758464
10001030,66.81912485758464
10001830,59.381486892700195
10001832,59.99544334411621
10001033,63.06455993652344
10001034,63.191256523132324
10001048,67.97327041625977
10001831,59.99295234680176
10000241,62.01154899597168
10006678,59.24271583557129
10006679,59.18264579772949
10003565,62.361812591552734
10003571,59.89074198404948
10003568,62.080474853515625
10001016,62.27579689025879
10001734,60.34404627482096
10003590,67.1395034790039
10003566,57.04664993286133
10001731,58.574693044026695
10001730,59.73678970336914
10003576,69.34118270874023
10003574,67.79718780517578
10003569,61.52766545613607
10001017,63.38132985432943
10001735,68.05685997009277
10006633,67.83985900878906
10006636,67.26888020833333
10006638,67.10164260864258
10003593,63.705867767333984
10003583,65.59449513753255
10001298,54.980899810791016
10002958,55.95843505859375
10001294,61.254007975260414
10001305,64.28234100341797
10001302,64.18844858805339
10001312,52.91071701049805
10002971,64.36249160766602
10002968,63.05483818054199
10001306,54.411398569742836
10002986,55.5207462310791
10001310,59.26193046569824
10001295,64.13804880777995
10002956,52.39471435546875
10002955,52.39471435546875
10005750,52.7459659576416
10001297,55.40121078491211
10005749,62.42329025268555
10000709,59.54827626546224
10006363,59.158531188964844
10003117,65.3003158569336
10003048,58.2696418762207
10000733,59.066293716430664
10003109,60.0781135559082
10000718,56.70988845825195
10003064,56.53610038757324
10000721,57.875064849853516
10003052,57.78981145222982
10000728,58.46911875406901
10003074,57.007991790771484
10003056,62.28663762410482
10003107,60.85061009724935
10003054,58.243282318115234
10000719,56.66397603352865
10003062,59.1825532913208
10001492,57.5767707824707
10005227,56.552419662475586
10000724,56.42337417602539
10003106,58.14385986328125
10006641,58.14385986328125
10006644,58.14385986328125
10001721,58.82094764709473
10003561,58.82094764709473
10003556,58.78159141540527
10003554,58.857261657714844
10003557,58.78159141540527
10003558,58.82094764709473
10003559,58.82094764709473
10003553,58.82094764709473
10000098,57.49572277069092
10001142,57.72299861907959
10001141,57.72299861907959
10001928,57.69448979695638
10001132,58.765265146891274
10001137,58.686658223470054
10002687,56.821974436442055
10001138,58.1344108581543
10002685,61.61788686116537
10001147,56.50969950358073
10001129,59.91120529174805
10002691,57.97249094645182
10002668,59.176513671875
10001921,57.8253288269043
10001123,65.118011474609375
10001128,62.6124521891276
10001118,56.62753105163574
10001121,65.1182378133138
10001120,65.69208526611328
10003758,NA
10001239,NA
10001242,NA
